Order Date,Product ID,Product Name,Product Category,Region / Country,Sales,Profit,Quantity,Customer Segment
2024-05-10,P005,Headphones,Technology,Germany,4372,1191,6,Corporate
2024-12-31,P004,Monitor,Technology,Canada,2236,1076,3,Home Office
2024-11-10,P001,Laptop,Technology,Germany,866,1140,4,Consumer
2022-05-02,P101,Office Chair,Furniture,Australia,3270,214,1,Corporate
2023-04-12,P002,Keyboard,Technology,Australia,1523,918,5,Corporate
2022-11-27,P104,Table,Furniture,USA,1136,691,1,Home Office
2022-03-29,P001,Laptop,Technology,UK,4249,847,1,Corporate
2024-05-21,P203,Paper Ream,Office Supplies,India,1924,1451,7,Consumer
2022-05-11,P104,Table,Furniture,Germany,920,462,6,Home Office
2024-02-09,P203,Paper Ream,Office Supplies,India,4813,873,2,Home Office
2022-12-10,P103,Bookshelf,Furniture,USA,2092,1325,2,Corporate
2024-03-16,P201,Pen Pack,Office Supplies,UK,322,517,7,Corporate
2023-01-21,P004,Monitor,Technology,Germany,1079,1321,1,Corporate
2024-08-13,P005,Headphones,Technology,Canada,3268,1158,2,Home Office
2022-10-04,P001,Laptop,Technology,UK,4119,902,8,Corporate
2023-04-05,P101,Office Chair,Furniture,Australia,1101,1405,6,Consumer
2022-01-22,P204,Stapler,Office Supplies,USA,4083,850,2,Corporate
2022-09-10,P004,Monitor,Technology,UK,1623,70,7,Corporate
2024-01-18,P203,Paper Ream,Office Supplies,UK,3240,361,4,Home Office
2024-05-06,P204,Stapler,Office Supplies,Australia,4438,603,2,Corporate
2023-04-20,P003,Mouse,Technology,Germany,3847,46,6,Home Office
2024-12-18,P001,Laptop,Technology,Canada,3339,1414,9,Corporate
2023-05-26,P202,Notebook,Office Supplies,Australia,3797,186,9,Consumer
2023-12-01,P005,Headphones,Technology,Canada,2155,501,8,Consumer
2024-09-02,P001,Laptop,Technology,Germany,357,358,3,Home Office
2022-07-09,P004,Monitor,Technology,UK,3409,772,3,Home Office
2024-08-15,P105,Sofa,Furniture,Canada,3226,1184,2,Corporate
2023-11-18,P202,Notebook,Office Supplies,USA,1301,783,5,Corporate
2024-08-15,P202,Notebook,Office Supplies,USA,2797,1311,4,Consumer
2023-07-17,P103,Bookshelf,Furniture,Australia,1567,151,7,Corporate
2024-04-11,P205,Calculator,Office Supplies,Germany,1428,1079,4,Consumer
2023-10-09,P003,Mouse,Technology,Australia,4941,1045,9,Home Office
2022-01-21,P201,Pen Pack,Office Supplies,Australia,2011,552,2,Corporate
2024-04-20,P005,Headphones,Technology,India,4355,580,6,Home Office
2022-06-16,P101,Office Chair,Furniture,Australia,2913,824,7,Corporate
2023-01-23,P003,Mouse,Technology,India,2706,345,4,Consumer
2023-08-24,P205,Calculator,Office Supplies,USA,2544,1269,6,Home Office
2022-11-12,P203,Paper Ream,Office Supplies,USA,4617,-122,7,Home Office
2022-01-14,P205,Calculator,Office Supplies,Australia,4055,1059,4,Corporate
2022-08-30,P103,Bookshelf,Furniture,USA,3613,133,8,Home Office
2024-02-16,P102,Desk,Furniture,Germany,972,688,9,Consumer
2023-07-19,P203,Paper Ream,Office Supplies,India,4282,1172,1,Home Office
2024-06-16,P002,Keyboard,Technology,India,4512,921,7,Home Office
2022-04-02,P103,Bookshelf,Furniture,Australia,3009,905,9,Corporate
2024-08-13,P205,Calculator,Office Supplies,USA,233,301,5,Home Office
2023-05-24,P205,Calculator,Office Supplies,Canada,3408,1300,2,Corporate
2024-02-15,P105,Sofa,Furniture,India,1448,564,6,Corporate
2022-02-04,P104,Table,Furniture,Australia,2846,720,7,Home Office
2022-07-25,P101,Office Chair,Furniture,Australia,586,349,2,Consumer
2024-10-22,P005,Headphones,Technology,Germany,1323,-187,2,Corporate
2024-10-18,P002,Keyboard,Technology,UK,3017,191,1,Home Office
2023-07-20,P205,Calculator,Office Supplies,UK,3099,1170,4,Corporate
2023-12-04,P104,Table,Furniture,India,1146,109,7,Consumer
2023-02-06,P002,Keyboard,Technology,Germany,1355,185,9,Consumer
2023-12-31,P104,Table,Furniture,Germany,965,1032,3,Corporate
2022-06-11,P202,Notebook,Office Supplies,Germany,3131,1180,7,Consumer
2022-07-21,P003,Mouse,Technology,India,4297,773,7,Home Office
2024-09-22,P001,Laptop,Technology,UK,1078,1424,7,Home Office
2022-09-27,P001,Laptop,Technology,Germany,2027,1391,2,Corporate
2024-03-26,P204,Stapler,Office Supplies,USA,3404,917,6,Consumer
2023-04-01,P101,Office Chair,Furniture,Australia,2561,916,2,Home Office
2024-10-13,P004,Monitor,Technology,Australia,320,139,6,Home Office
2022-10-23,P204,Stapler,Office Supplies,Canada,1236,396,3,Home Office
2023-12-21,P104,Table,Furniture,Canada,4605,1268,2,Corporate
2022-12-04,P201,Pen Pack,Office Supplies,India,4250,556,6,Corporate
2024-05-28,P104,Table,Furniture,India,3814,845,2,Home Office
2024-12-12,P201,Pen Pack,Office Supplies,Australia,2448,90,5,Home Office
2024-03-02,P104,Table,Furniture,USA,4579,1308,2,Consumer
2022-08-05,P005,Headphones,Technology,UK,4285,105,3,Consumer
2024-02-03,P104,Table,Furniture,UK,4232,433,3,Consumer
2022-07-07,P202,Notebook,Office Supplies,India,1761,951,6,Corporate
2023-01-15,P204,Stapler,Office Supplies,USA,2280,424,6,Home Office
2023-05-08,P103,Bookshelf,Furniture,India,178,738,3,Corporate
2024-11-30,P004,Monitor,Technology,UK,1319,1096,3,Home Office
2022-01-15,P002,Keyboard,Technology,India,3722,647,1,Consumer
2022-03-06,P102,Desk,Furniture,Germany,1651,241,7,Consumer
2023-06-05,P101,Office Chair,Furniture,India,4815,302,8,Consumer
2023-10-10,P205,Calculator,Office Supplies,Australia,4020,-71,2,Consumer
2024-12-22,P004,Monitor,Technology,India,4294,955,4,Home Office
2023-08-16,P101,Office Chair,Furniture,Australia,4997,396,7,Consumer
2023-01-27,P005,Headphones,Technology,USA,677,1305,8,Home Office
2023-02-23,P104,Table,Furniture,UK,3847,661,1,Home Office
2022-10-16,P103,Bookshelf,Furniture,Canada,2094,1213,4,Corporate
2023-01-14,P004,Monitor,Technology,Canada,3602,392,6,Consumer
2022-08-19,P102,Desk,Furniture,UK,2391,798,3,Consumer
2024-10-14,P102,Desk,Furniture,Canada,3264,124,5,Corporate
2022-02-10,P203,Paper Ream,Office Supplies,India,299,892,9,Home Office
2024-11-17,P101,Office Chair,Furniture,USA,2975,1483,3,Consumer
2022-05-15,P105,Sofa,Furniture,USA,1024,247,5,Home Office
2022-07-20,P104,Table,Furniture,UK,1375,1351,8,Corporate
2024-02-19,P202,Notebook,Office Supplies,Canada,1033,618,6,Home Office
2024-07-18,P001,Laptop,Technology,India,938,1440,4,Consumer
2024-11-22,P203,Paper Ream,Office Supplies,USA,2987,988,8,Home Office
2024-12-07,P202,Notebook,Office Supplies,USA,2167,1311,3,Home Office
2023-05-18,P003,Mouse,Technology,Germany,2722,508,3,Consumer
2023-02-11,P204,Stapler,Office Supplies,Germany,1376,1249,4,Consumer
2024-03-15,P005,Headphones,Technology,USA,520,64,9,Home Office
2022-04-09,P202,Notebook,Office Supplies,UK,2037,411,5,Home Office
2023-11-15,P002,Keyboard,Technology,Australia,140,1165,8,Corporate
2023-12-27,P104,Table,Furniture,Australia,579,631,6,Consumer
2024-08-18,P201,Pen Pack,Office Supplies,India,4806,1101,3,Home Office
2023-09-05,P205,Calculator,Office Supplies,USA,4109,473,8,Consumer
2023-10-05,P202,Notebook,Office Supplies,USA,4884,1262,9,Corporate
2024-10-25,P205,Calculator,Office Supplies,USA,2823,-44,8,Home Office
2023-05-18,P102,Desk,Furniture,UK,1736,1245,4,Home Office
2024-02-06,P205,Calculator,Office Supplies,Germany,241,50,6,Home Office
2023-02-02,P103,Bookshelf,Furniture,USA,2036,677,1,Consumer
2024-05-20,P102,Desk,Furniture,USA,3673,1432,4,Corporate
2024-03-05,P105,Sofa,Furniture,Canada,2235,329,8,Consumer
2023-01-28,P101,Office Chair,Furniture,UK,4490,126,1,Home Office
2022-07-26,P003,Mouse,Technology,India,1058,760,3,Corporate
2024-11-04,P003,Mouse,Technology,USA,3833,694,1,Home Office
2024-06-10,P201,Pen Pack,Office Supplies,Canada,4348,-104,9,Home Office
2024-05-13,P005,Headphones,Technology,Australia,4718,312,2,Consumer
2024-01-13,P004,Monitor,Technology,India,4337,15,9,Home Office
2023-07-18,P201,Pen Pack,Office Supplies,USA,2102,955,4,Corporate
2024-10-17,P205,Calculator,Office Supplies,USA,3358,1083,2,Home Office
2022-04-06,P201,Pen Pack,Office Supplies,Canada,1766,-76,4,Home Office
2023-04-30,P001,Laptop,Technology,UK,360,905,6,Consumer
2022-08-19,P002,Keyboard,Technology,USA,4588,1106,7,Corporate
2024-01-19,P205,Calculator,Office Supplies,Australia,1310,-142,3,Consumer
2023-06-25,P104,Table,Furniture,USA,3982,1367,3,Home Office
2024-11-25,P202,Notebook,Office Supplies,Australia,3318,-40,8,Consumer
2023-06-09,P101,Office Chair,Furniture,India,634,83,5,Consumer
2023-08-01,P101,Office Chair,Furniture,India,2849,-95,4,Consumer
2023-11-13,P201,Pen Pack,Office Supplies,Germany,409,928,7,Consumer
2023-07-11,P205,Calculator,Office Supplies,Germany,2916,1262,7,Home Office
2024-10-09,P205,Calculator,Office Supplies,Australia,2061,27,9,Home Office
2023-10-08,P002,Keyboard,Technology,UK,4989,1405,9,Corporate
2024-03-06,P104,Table,Furniture,USA,4056,117,5,Consumer
2024-11-17,P002,Keyboard,Technology,USA,1675,1287,8,Consumer
2022-07-09,P003,Mouse,Technology,Germany,2814,601,1,Corporate
2023-09-25,P201,Pen Pack,Office Supplies,Australia,940,1422,9,Consumer
2023-09-20,P001,Laptop,Technology,USA,781,673,8,Corporate
2024-08-30,P201,Pen Pack,Office Supplies,USA,4011,271,6,Home Office
2023-12-11,P102,Desk,Furniture,UK,4751,879,3,Corporate
2023-10-11,P202,Notebook,Office Supplies,Canada,2554,424,3,Consumer
2022-11-14,P001,Laptop,Technology,Germany,664,-188,8,Corporate
2023-11-15,P002,Keyboard,Technology,Germany,3856,1263,5,Home Office
2023-10-26,P205,Calculator,Office Supplies,Canada,1769,841,7,Consumer
2023-03-18,P205,Calculator,Office Supplies,USA,4819,493,5,Home Office
2023-07-18,P002,Keyboard,Technology,UK,1637,772,8,Home Office
2024-08-09,P101,Office Chair,Furniture,UK,1661,-88,4,Corporate
2023-11-30,P102,Desk,Furniture,Germany,946,28,2,Home Office
2022-04-23,P202,Notebook,Office Supplies,UK,327,-30,3,Consumer
2022-01-02,P102,Desk,Furniture,India,4697,94,8,Home Office
2023-10-04,P003,Mouse,Technology,Canada,1686,-12,7,Home Office
2022-08-08,P205,Calculator,Office Supplies,USA,2208,225,2,Corporate
2024-05-04,P004,Monitor,Technology,India,2482,776,6,Home Office
2023-01-20,P004,Monitor,Technology,Canada,3954,902,9,Corporate
2024-12-12,P103,Bookshelf,Furniture,Australia,4906,457,4,Corporate
2023-12-31,P202,Notebook,Office Supplies,Germany,3312,718,9,Consumer
2022-09-04,P203,Paper Ream,Office Supplies,UK,1499,1005,2,Consumer
2024-04-15,P103,Bookshelf,Furniture,Australia,4550,298,2,Consumer
2022-07-22,P001,Laptop,Technology,UK,1282,561,9,Consumer
2022-05-03,P005,Headphones,Technology,India,4167,665,7,Corporate
2023-02-05,P004,Monitor,Technology,USA,727,625,7,Home Office
2024-02-06,P002,Keyboard,Technology,USA,2708,-130,1,Consumer
2022-10-21,P204,Stapler,Office Supplies,USA,2078,47,6,Consumer
2022-10-07,P204,Stapler,Office Supplies,UK,3808,-55,7,Consumer
2024-06-02,P105,Sofa,Furniture,Australia,4674,1441,6,Home Office
2022-07-17,P104,Table,Furniture,USA,2087,1119,6,Consumer
2024-09-08,P204,Stapler,Office Supplies,Australia,2699,381,2,Home Office
2024-01-22,P203,Paper Ream,Office Supplies,UK,706,269,6,Corporate
2022-05-24,P005,Headphones,Technology,India,215,1329,4,Corporate
2023-09-01,P001,Laptop,Technology,Australia,4994,-8,9,Corporate
2022-07-06,P102,Desk,Furniture,India,4641,891,1,Home Office
2023-04-09,P204,Stapler,Office Supplies,UK,639,293,8,Consumer
2023-10-22,P102,Desk,Furniture,UK,4574,-149,5,Consumer
2024-02-03,P201,Pen Pack,Office Supplies,Germany,2871,681,1,Consumer
2024-08-12,P002,Keyboard,Technology,UK,4308,162,4,Consumer
2023-02-07,P101,Office Chair,Furniture,UK,1312,716,1,Consumer
2022-05-27,P103,Bookshelf,Furniture,Canada,121,273,6,Home Office
2024-05-13,P204,Stapler,Office Supplies,USA,3566,320,2,Corporate
2023-05-04,P001,Laptop,Technology,Germany,4800,1254,5,Consumer
2024-07-17,P102,Desk,Furniture,Germany,3630,1121,7,Corporate
2023-07-05,P004,Monitor,Technology,Germany,318,1258,2,Home Office
2022-12-04,P103,Bookshelf,Furniture,Canada,1826,490,6,Home Office
2024-05-21,P004,Monitor,Technology,India,2512,1021,6,Consumer
2023-10-03,P201,Pen Pack,Office Supplies,UK,1318,951,5,Home Office
2023-04-18,P103,Bookshelf,Furniture,USA,1065,331,5,Corporate
2022-05-31,P102,Desk,Furniture,Australia,2772,1234,3,Consumer
2022-09-20,P003,Mouse,Technology,India,1133,639,2,Consumer
2022-05-24,P003,Mouse,Technology,UK,4151,888,7,Corporate
2022-12-12,P105,Sofa,Furniture,Canada,456,40,1,Consumer
2023-09-16,P203,Paper Ream,Office Supplies,UK,3126,1192,6,Consumer
2024-10-13,P003,Mouse,Technology,UK,1035,335,6,Corporate
2024-05-30,P004,Monitor,Technology,Canada,3653,1207,3,Consumer
2022-01-02,P002,Keyboard,Technology,Germany,4535,1254,2,Consumer
2024-06-15,P104,Table,Furniture,Germany,759,-118,2,Corporate
2022-09-11,P104,Table,Furniture,USA,2668,781,9,Home Office
2023-03-29,P101,Office Chair,Furniture,USA,4899,750,5,Corporate
2024-11-26,P104,Table,Furniture,Germany,1461,410,7,Consumer
2024-10-11,P205,Calculator,Office Supplies,India,4671,373,5,Corporate
2022-01-09,P205,Calculator,Office Supplies,Australia,1535,85,7,Consumer
2024-03-26,P101,Office Chair,Furniture,UK,3000,788,4,Consumer
2022-07-27,P202,Notebook,Office Supplies,Australia,4701,1357,8,Corporate
2023-02-08,P002,Keyboard,Technology,UK,2984,258,7,Consumer
2022-06-01,P004,Monitor,Technology,Germany,4164,1035,5,Home Office
2022-02-23,P004,Monitor,Technology,USA,4720,-75,6,Consumer
2023-09-20,P104,Table,Furniture,India,1053,1236,5,Corporate
2023-08-10,P002,Keyboard,Technology,USA,2516,1322,7,Home Office
2022-04-14,P203,Paper Ream,Office Supplies,Australia,2516,224,2,Home Office
2022-09-11,P105,Sofa,Furniture,USA,1988,353,5,Consumer
2023-05-25,P203,Paper Ream,Office Supplies,Germany,1989,409,3,Corporate
2022-04-09,P003,Mouse,Technology,India,1685,1366,9,Consumer
2022-06-02,P002,Keyboard,Technology,Australia,1748,981,6,Consumer
2024-07-02,P003,Mouse,Technology,India,4577,-89,3,Corporate
2024-05-27,P101,Office Chair,Furniture,UK,2141,201,7,Corporate
2022-12-04,P204,Stapler,Office Supplies,USA,1945,-79,4,Consumer
2024-04-01,P101,Office Chair,Furniture,India,4290,72,3,Home Office
2024-08-14,P105,Sofa,Furniture,Canada,3448,1117,8,Consumer
2022-06-10,P004,Monitor,Technology,USA,1123,197,4,Home Office
2024-03-11,P103,Bookshelf,Furniture,UK,2452,270,1,Consumer
2023-02-02,P105,Sofa,Furniture,India,4945,784,6,Corporate
2024-03-26,P004,Monitor,Technology,Australia,3262,1030,1,Home Office
2023-02-05,P103,Bookshelf,Furniture,UK,4087,933,5,Corporate
2023-10-02,P001,Laptop,Technology,Canada,1201,1263,7,Corporate
2024-11-22,P004,Monitor,Technology,India,2495,1101,6,Corporate
2023-11-19,P003,Mouse,Technology,Germany,2006,1391,2,Corporate
2023-04-05,P001,Laptop,Technology,USA,4608,368,4,Corporate
2024-08-12,P105,Sofa,Furniture,Australia,3957,1305,2,Consumer
2023-04-15,P005,Headphones,Technology,Germany,857,937,1,Home Office
2024-11-11,P005,Headphones,Technology,India,236,696,3,Consumer
2024-01-20,P105,Sofa,Furniture,India,4877,619,3,Consumer
2022-02-07,P102,Desk,Furniture,UK,4574,652,7,Consumer
2022-08-18,P204,Stapler,Office Supplies,India,1357,1300,1,Corporate
2023-07-17,P104,Table,Furniture,Australia,2334,509,9,Consumer
2023-03-14,P102,Desk,Furniture,Germany,4916,120,6,Home Office
2022-01-27,P203,Paper Ream,Office Supplies,Australia,807,-22,4,Consumer
2022-08-14,P103,Bookshelf,Furniture,Canada,4281,696,3,Corporate
2024-03-08,P105,Sofa,Furniture,Canada,4937,18,3,Home Office
2022-10-11,P101,Office Chair,Furniture,USA,3904,588,2,Home Office
2024-05-28,P103,Bookshelf,Furniture,USA,4316,1351,2,Home Office
2024-08-17,P201,Pen Pack,Office Supplies,Canada,2256,291,5,Home Office
2023-03-29,P104,Table,Furniture,India,3608,-140,9,Consumer
2024-10-16,P101,Office Chair,Furniture,Australia,1630,877,2,Corporate
2024-03-26,P204,Stapler,Office Supplies,Canada,1011,337,2,Home Office
2023-10-21,P002,Keyboard,Technology,USA,3897,647,6,Home Office
2023-07-01,P202,Notebook,Office Supplies,Canada,3625,787,2,Corporate
2024-12-08,P005,Headphones,Technology,India,925,-136,4,Consumer
2022-01-17,P203,Paper Ream,Office Supplies,Canada,2468,1435,6,Home Office
2022-06-07,P205,Calculator,Office Supplies,Australia,4248,385,5,Consumer
2023-04-22,P104,Table,Furniture,Germany,1051,-30,1,Consumer
2024-12-05,P005,Headphones,Technology,India,3434,1096,6,Consumer
2023-06-02,P101,Office Chair,Furniture,USA,4116,334,1,Consumer
2022-04-09,P004,Monitor,Technology,Australia,2895,1214,3,Home Office
2024-11-26,P202,Notebook,Office Supplies,Canada,1531,492,5,Home Office
2022-10-07,P203,Paper Ream,Office Supplies,Canada,3351,1150,5,Consumer
2023-05-12,P004,Monitor,Technology,Germany,707,-93,6,Consumer
2022-10-29,P104,Table,Furniture,USA,2830,985,8,Corporate
2022-06-30,P101,Office Chair,Furniture,USA,472,613,5,Corporate
2023-08-30,P103,Bookshelf,Furniture,UK,3731,804,1,Corporate
2023-12-01,P102,Desk,Furniture,USA,4316,251,5,Home Office
2024-09-19,P204,Stapler,Office Supplies,Germany,2760,1029,3,Corporate
2022-07-10,P204,Stapler,Office Supplies,UK,502,389,4,Home Office
2022-09-10,P201,Pen Pack,Office Supplies,UK,2447,839,8,Home Office
2024-09-07,P205,Calculator,Office Supplies,Canada,2025,126,7,Home Office
2024-07-16,P202,Notebook,Office Supplies,Canada,1707,407,5,Home Office
2022-05-08,P103,Bookshelf,Furniture,USA,2591,458,2,Corporate
2022-01-18,P104,Table,Furniture,UK,3125,-199,6,Consumer
2023-07-20,P104,Table,Furniture,Canada,3214,833,6,Consumer
2023-07-24,P102,Desk,Furniture,Germany,3016,233,6,Consumer
2023-11-17,P205,Calculator,Office Supplies,Canada,2103,-76,9,Corporate
2023-09-18,P204,Stapler,Office Supplies,India,337,904,8,Consumer
2024-05-03,P202,Notebook,Office Supplies,India,3267,284,8,Corporate
2024-08-19,P001,Laptop,Technology,Canada,3904,451,1,Corporate
2022-06-04,P105,Sofa,Furniture,UK,1497,973,5,Corporate
2023-05-05,P103,Bookshelf,Furniture,UK,657,599,7,Consumer
2024-02-24,P204,Stapler,Office Supplies,Australia,4602,672,6,Consumer
2022-09-03,P102,Desk,Furniture,India,1814,1163,5,Consumer
2024-11-28,P101,Office Chair,Furniture,Germany,1275,-72,8,Home Office
2024-01-29,P203,Paper Ream,Office Supplies,UK,1285,237,3,Corporate
2023-06-22,P002,Keyboard,Technology,USA,1079,550,6,Home Office
2024-07-09,P002,Keyboard,Technology,India,2721,300,5,Corporate
2023-02-12,P003,Mouse,Technology,Germany,4012,881,8,Consumer
2023-06-09,P201,Pen Pack,Office Supplies,Germany,4592,1021,4,Corporate
2024-04-07,P101,Office Chair,Furniture,UK,4980,10,8,Corporate
2024-06-21,P205,Calculator,Office Supplies,Germany,3227,701,2,Home Office
2022-02-05,P204,Stapler,Office Supplies,UK,3772,-156,9,Corporate
2023-11-16,P103,Bookshelf,Furniture,Canada,4956,920,9,Consumer
2022-01-20,P003,Mouse,Technology,India,1525,1102,6,Corporate
2022-11-17,P003,Mouse,Technology,Australia,2946,334,4,Corporate
2023-05-27,P201,Pen Pack,Office Supplies,Canada,858,1233,4,Corporate
2023-02-04,P004,Monitor,Technology,India,1028,260,6,Home Office
2023-10-16,P205,Calculator,Office Supplies,UK,2513,190,5,Corporate
2024-08-29,P202,Notebook,Office Supplies,India,775,867,6,Corporate
2023-04-16,P102,Desk,Furniture,UK,2551,-174,7,Home Office
2024-04-13,P103,Bookshelf,Furniture,Canada,3412,593,7,Home Office
2023-12-28,P104,Table,Furniture,USA,1266,920,9,Home Office
2024-05-03,P201,Pen Pack,Office Supplies,USA,4101,774,8,Home Office
2022-02-20,P104,Table,Furniture,India,2247,347,6,Consumer
2023-07-29,P004,Monitor,Technology,USA,2856,420,6,Consumer
2022-05-30,P001,Laptop,Technology,UK,828,366,5,Corporate
2022-11-10,P203,Paper Ream,Office Supplies,Germany,1022,503,1,Consumer
2023-07-24,P204,Stapler,Office Supplies,UK,2860,1042,9,Corporate
2022-11-01,P102,Desk,Furniture,Germany,2173,-16,9,Consumer
2023-11-13,P201,Pen Pack,Office Supplies,Canada,648,892,9,Home Office
2024-04-17,P205,Calculator,Office Supplies,Australia,3391,953,8,Home Office
2024-12-13,P003,Mouse,Technology,Germany,274,1390,3,Consumer
2024-09-29,P001,Laptop,Technology,USA,890,1432,1,Consumer
2023-03-20,P105,Sofa,Furniture,UK,1864,647,8,Corporate
2023-09-05,P205,Calculator,Office Supplies,Canada,4859,398,7,Corporate
2024-09-19,P204,Stapler,Office Supplies,USA,1156,605,5,Corporate
2022-09-21,P004,Monitor,Technology,Canada,174,1454,7,Home Office
2024-12-12,P204,Stapler,Office Supplies,Australia,3296,1157,4,Home Office
2024-09-30,P001,Laptop,Technology,UK,2981,977,9,Home Office
2022-01-05,P101,Office Chair,Furniture,India,4175,1370,2,Home Office
2024-02-13,P003,Mouse,Technology,UK,3021,-122,9,Corporate
2024-05-26,P204,Stapler,Office Supplies,Australia,2067,378,9,Home Office
2024-09-18,P105,Sofa,Furniture,UK,2465,212,5,Home Office
2024-06-02,P002,Keyboard,Technology,India,4640,345,1,Home Office
2022-02-16,P003,Mouse,Technology,Germany,3146,1432,7,Home Office
2024-05-16,P101,Office Chair,Furniture,Canada,1659,-32,4,Consumer
2024-04-02,P103,Bookshelf,Furniture,India,767,480,9,Corporate
2024-07-24,P003,Mouse,Technology,USA,3611,1486,6,Corporate
2023-10-18,P203,Paper Ream,Office Supplies,Australia,1066,382,3,Home Office
2022-09-26,P003,Mouse,Technology,Germany,3615,314,6,Consumer
2023-01-05,P102,Desk,Furniture,USA,4751,1137,6,Corporate
2023-09-28,P004,Monitor,Technology,USA,4520,-169,5,Corporate
2023-10-19,P105,Sofa,Furniture,Australia,2010,86,2,Home Office
2022-04-30,P103,Bookshelf,Furniture,Germany,1098,393,2,Home Office
2024-04-10,P203,Paper Ream,Office Supplies,USA,1407,866,7,Corporate
2024-12-17,P103,Bookshelf,Furniture,USA,3476,416,2,Corporate
2024-01-11,P104,Table,Furniture,Germany,165,824,6,Consumer
2022-04-27,P201,Pen Pack,Office Supplies,UK,2145,1396,5,Corporate
2024-03-01,P101,Office Chair,Furniture,USA,1851,69,4,Corporate
2024-10-09,P202,Notebook,Office Supplies,Canada,2196,1003,7,Home Office
2024-12-17,P201,Pen Pack,Office Supplies,Germany,1670,317,8,Corporate
2023-09-26,P103,Bookshelf,Furniture,USA,4830,926,4,Home Office
2023-05-28,P103,Bookshelf,Furniture,Australia,3000,833,1,Corporate
2024-03-12,P003,Mouse,Technology,India,3842,382,1,Corporate
2023-07-14,P202,Notebook,Office Supplies,Canada,2991,913,1,Corporate
2023-05-03,P003,Mouse,Technology,India,4955,25,1,Consumer
2024-06-15,P101,Office Chair,Furniture,India,1027,469,5,Home Office
2023-12-05,P004,Monitor,Technology,USA,3116,716,4,Consumer
2023-08-04,P204,Stapler,Office Supplies,Canada,833,-75,9,Corporate
2024-02-29,P005,Headphones,Technology,Canada,290,755,3,Consumer
2024-05-10,P201,Pen Pack,Office Supplies,UK,1603,1032,7,Home Office
2022-09-04,P103,Bookshelf,Furniture,India,4628,920,8,Corporate
2022-06-03,P104,Table,Furniture,Canada,1062,-127,6,Consumer
2024-09-23,P201,Pen Pack,Office Supplies,UK,236,1450,1,Consumer
2023-11-28,P104,Table,Furniture,Germany,1931,1014,8,Home Office
2024-12-28,P103,Bookshelf,Furniture,UK,4636,-145,3,Consumer
2024-12-06,P104,Table,Furniture,Australia,480,519,8,Home Office
2024-10-05,P105,Sofa,Furniture,USA,288,352,4,Corporate
2022-04-04,P205,Calculator,Office Supplies,Germany,2395,-169,8,Corporate
2024-08-15,P004,Monitor,Technology,Germany,125,1350,1,Consumer
2024-10-08,P001,Laptop,Technology,Australia,1406,373,3,Corporate
2023-03-29,P101,Office Chair,Furniture,UK,4972,466,6,Corporate
2024-06-30,P001,Laptop,Technology,USA,2380,83,9,Consumer
2022-08-06,P004,Monitor,Technology,UK,4736,1317,2,Corporate
2023-04-19,P101,Office Chair,Furniture,Canada,1952,-14,1,Consumer
2023-03-08,P103,Bookshelf,Furniture,UK,4063,297,3,Home Office
2022-12-07,P005,Headphones,Technology,Germany,4720,1265,4,Home Office
2023-07-05,P203,Paper Ream,Office Supplies,USA,2109,-71,5,Home Office
2022-12-23,P101,Office Chair,Furniture,UK,190,438,3,Consumer
2022-01-23,P203,Paper Ream,Office Supplies,USA,1839,1115,2,Consumer
2023-06-06,P001,Laptop,Technology,USA,3676,-87,2,Corporate
2024-03-12,P104,Table,Furniture,Canada,66,1022,7,Corporate
2024-02-01,P203,Paper Ream,Office Supplies,Canada,4398,-188,9,Corporate
2023-03-18,P104,Table,Furniture,Germany,514,1094,2,Corporate
2024-02-08,P004,Monitor,Technology,Australia,4521,1424,7,Corporate
2024-10-12,P202,Notebook,Office Supplies,USA,1877,1038,7,Consumer
2023-05-31,P001,Laptop,Technology,Australia,3078,243,7,Consumer
2024-11-05,P005,Headphones,Technology,Germany,569,1335,3,Home Office
2024-03-02,P101,Office Chair,Furniture,USA,139,246,7,Home Office
2022-12-02,P205,Calculator,Office Supplies,USA,4865,785,1,Home Office
2022-09-15,P001,Laptop,Technology,India,2901,792,1,Home Office
2023-05-12,P004,Monitor,Technology,Australia,2893,514,5,Consumer
2024-06-14,P203,Paper Ream,Office Supplies,UK,4775,-127,2,Consumer
2022-06-09,P003,Mouse,Technology,Canada,1934,336,9,Consumer
2024-05-01,P002,Keyboard,Technology,UK,4221,-100,7,Corporate
2023-11-21,P205,Calculator,Office Supplies,Australia,975,-25,4,Corporate
2023-01-15,P205,Calculator,Office Supplies,Canada,3784,226,4,Home Office
2024-08-14,P205,Calculator,Office Supplies,UK,1019,940,2,Corporate
2023-11-22,P204,Stapler,Office Supplies,India,1144,989,5,Consumer
2024-12-02,P105,Sofa,Furniture,Canada,3245,-160,4,Home Office
2022-10-12,P203,Paper Ream,Office Supplies,USA,1454,228,1,Home Office
2023-02-01,P104,Table,Furniture,UK,3414,143,8,Corporate
2022-01-12,P101,Office Chair,Furniture,Canada,4340,1247,3,Home Office
2023-05-14,P105,Sofa,Furniture,India,4032,165,6,Corporate
2024-01-24,P005,Headphones,Technology,Canada,4373,943,4,Corporate
2022-02-04,P101,Office Chair,Furniture,Canada,4063,408,9,Home Office
2023-12-28,P105,Sofa,Furniture,India,4606,456,7,Corporate
2024-04-28,P001,Laptop,Technology,UK,4763,527,9,Corporate
2022-03-31,P004,Monitor,Technology,Germany,3142,28,3,Corporate
2024-02-15,P003,Mouse,Technology,UK,4209,624,1,Corporate
2023-08-28,P201,Pen Pack,Office Supplies,Australia,2124,953,5,Home Office
2024-08-27,P002,Keyboard,Technology,India,334,1175,3,Consumer
2024-10-18,P001,Laptop,Technology,UK,4983,688,6,Consumer
2023-02-22,P105,Sofa,Furniture,Canada,4976,1141,8,Corporate
2022-04-25,P004,Monitor,Technology,India,1237,783,4,Corporate
2023-09-09,P204,Stapler,Office Supplies,USA,4019,1472,5,Corporate
2024-04-05,P001,Laptop,Technology,UK,3015,635,5,Consumer
2023-02-17,P203,Paper Ream,Office Supplies,India,4369,1160,4,Corporate
2023-12-30,P002,Keyboard,Technology,UK,833,1096,4,Home Office
2024-10-17,P004,Monitor,Technology,India,999,-84,4,Home Office
2024-01-31,P005,Headphones,Technology,Canada,3989,617,4,Home Office
2023-11-07,P005,Headphones,Technology,USA,94,167,4,Consumer
2023-04-02,P203,Paper Ream,Office Supplies,USA,1860,917,5,Corporate
2024-07-08,P204,Stapler,Office Supplies,Australia,4616,-33,2,Corporate
2022-07-11,P101,Office Chair,Furniture,India,2131,753,2,Corporate
2024-01-09,P205,Calculator,Office Supplies,UK,3548,1164,9,Consumer
2024-09-04,P003,Mouse,Technology,USA,879,460,2,Consumer
2024-10-05,P104,Table,Furniture,USA,1959,494,6,Consumer
2022-04-06,P104,Table,Furniture,Germany,2631,724,2,Consumer
2023-10-25,P104,Table,Furniture,Germany,741,-49,5,Home Office
2022-02-06,P004,Monitor,Technology,USA,4069,385,4,Consumer
2022-10-06,P204,Stapler,Office Supplies,India,981,712,7,Consumer
2022-08-05,P005,Headphones,Technology,Australia,4986,73,7,Consumer
2024-05-16,P103,Bookshelf,Furniture,USA,3456,1377,6,Corporate
2024-05-22,P004,Monitor,Technology,Canada,197,295,5,Corporate
2022-03-03,P002,Keyboard,Technology,UK,1082,-100,1,Corporate
2023-08-19,P202,Notebook,Office Supplies,Australia,1361,356,3,Home Office
2023-12-30,P203,Paper Ream,Office Supplies,Canada,437,905,9,Home Office
2023-02-01,P101,Office Chair,Furniture,Australia,3171,1352,1,Consumer
2023-11-30,P001,Laptop,Technology,Canada,1923,-128,5,Corporate
2024-11-08,P001,Laptop,Technology,UK,3638,837,2,Home Office
2022-06-26,P202,Notebook,Office Supplies,UK,965,1256,4,Corporate
2023-01-31,P001,Laptop,Technology,Germany,1928,-44,1,Home Office
2023-03-21,P005,Headphones,Technology,India,3798,534,3,Home Office
2022-03-17,P004,Monitor,Technology,Canada,327,-69,7,Consumer
2022-09-22,P202,Notebook,Office Supplies,Germany,2027,1161,3,Consumer
2023-03-31,P103,Bookshelf,Furniture,Canada,1909,818,4,Home Office
2023-12-19,P103,Bookshelf,Furniture,Germany,3086,1227,2,Consumer
2024-01-05,P004,Monitor,Technology,UK,3421,1199,3,Home Office
2024-04-30,P102,Desk,Furniture,Australia,4763,358,9,Home Office
2022-05-24,P201,Pen Pack,Office Supplies,Germany,2232,-94,3,Corporate
2024-06-03,P201,Pen Pack,Office Supplies,Canada,4725,1443,5,Consumer
2024-12-28,P105,Sofa,Furniture,Canada,1220,64,2,Consumer
2023-01-31,P105,Sofa,Furniture,India,539,1028,4,Consumer
2024-11-14,P001,Laptop,Technology,UK,2575,902,7,Corporate
2024-08-05,P103,Bookshelf,Furniture,Canada,1232,-46,7,Corporate
2024-06-09,P003,Mouse,Technology,USA,4529,787,3,Corporate
2023-07-23,P005,Headphones,Technology,Australia,4308,796,5,Consumer
2024-11-28,P204,Stapler,Office Supplies,Germany,2538,46,1,Consumer
2022-04-19,P201,Pen Pack,Office Supplies,India,1926,330,1,Consumer
2024-12-01,P205,Calculator,Office Supplies,Australia,2512,657,5,Corporate
2024-07-23,P205,Calculator,Office Supplies,UK,1680,337,9,Corporate
2023-02-02,P101,Office Chair,Furniture,India,337,528,1,Home Office
2023-09-26,P201,Pen Pack,Office Supplies,Germany,4332,977,1,Corporate
2024-01-03,P103,Bookshelf,Furniture,Germany,1957,-47,4,Home Office
2022-08-23,P204,Stapler,Office Supplies,USA,1211,-109,4,Consumer
2023-10-20,P104,Table,Furniture,UK,179,1256,2,Corporate
2024-01-21,P001,Laptop,Technology,India,2413,137,9,Consumer
2023-08-11,P102,Desk,Furniture,India,193,1303,9,Consumer
2024-10-29,P105,Sofa,Furniture,Canada,65,954,2,Consumer
2024-08-11,P205,Calculator,Office Supplies,USA,294,249,9,Consumer
2023-05-07,P101,Office Chair,Furniture,USA,976,609,6,Corporate
2024-07-01,P002,Keyboard,Technology,India,3228,586,8,Consumer
2022-06-19,P003,Mouse,Technology,India,2226,72,4,Home Office
2024-08-03,P201,Pen Pack,Office Supplies,Australia,936,387,2,Corporate
2024-03-05,P001,Laptop,Technology,Australia,390,-24,2,Consumer
2023-09-26,P105,Sofa,Furniture,Australia,2101,630,9,Corporate
2022-01-29,P001,Laptop,Technology,USA,3448,442,1,Home Office
2022-12-05,P201,Pen Pack,Office Supplies,Canada,4000,872,7,Consumer
2023-05-15,P101,Office Chair,Furniture,Germany,355,366,3,Home Office
2023-05-26,P205,Calculator,Office Supplies,Australia,957,465,3,Consumer
2022-08-05,P103,Bookshelf,Furniture,Canada,2704,1178,2,Home Office
2024-12-29,P003,Mouse,Technology,UK,3842,1131,6,Consumer
2023-03-21,P201,Pen Pack,Office Supplies,Australia,4092,667,2,Corporate
2024-05-25,P205,Calculator,Office Supplies,Germany,1421,1453,4,Consumer
2022-06-16,P103,Bookshelf,Furniture,UK,370,869,9,Corporate
2022-04-01,P203,Paper Ream,Office Supplies,UK,4704,101,9,Consumer
2023-12-15,P103,Bookshelf,Furniture,Germany,4109,667,6,Consumer
2022-02-08,P105,Sofa,Furniture,Australia,1181,711,4,Home Office
2022-06-22,P105,Sofa,Furniture,USA,2628,207,7,Home Office
2023-10-15,P101,Office Chair,Furniture,Germany,4092,1012,1,Home Office
2024-01-24,P004,Monitor,Technology,Germany,3417,621,4,Consumer
2024-12-17,P103,Bookshelf,Furniture,Germany,867,952,5,Consumer
2023-04-21,P204,Stapler,Office Supplies,UK,61,360,8,Consumer
2023-04-01,P005,Headphones,Technology,Canada,244,1360,2,Corporate
2024-04-08,P205,Calculator,Office Supplies,USA,2587,1089,5,Corporate
2024-06-13,P005,Headphones,Technology,Australia,2892,941,6,Consumer
2024-10-21,P104,Table,Furniture,Australia,2279,263,5,Home Office
2023-01-22,P005,Headphones,Technology,Canada,3059,-57,9,Home Office
2022-12-14,P001,Laptop,Technology,Germany,4801,241,1,Home Office
2022-07-09,P205,Calculator,Office Supplies,USA,2127,1023,3,Consumer
2023-05-20,P202,Notebook,Office Supplies,Australia,3917,980,2,Home Office
2024-04-03,P104,Table,Furniture,India,4923,286,3,Consumer
2024-07-17,P002,Keyboard,Technology,Australia,493,659,9,Corporate
2024-07-22,P005,Headphones,Technology,Germany,347,957,9,Home Office
2022-05-14,P001,Laptop,Technology,India,4953,-53,2,Corporate
2022-02-27,P103,Bookshelf,Furniture,Canada,894,1159,3,Home Office
2023-11-16,P105,Sofa,Furniture,USA,1065,894,4,Consumer
2023-11-03,P101,Office Chair,Furniture,Canada,1434,1056,9,Consumer
2022-06-22,P104,Table,Furniture,Canada,1447,1157,3,Consumer
2024-03-25,P102,Desk,Furniture,USA,603,610,7,Consumer
2022-03-21,P202,Notebook,Office Supplies,USA,2400,465,3,Home Office
2024-06-04,P002,Keyboard,Technology,Australia,4566,-111,7,Corporate
2022-07-22,P004,Monitor,Technology,Australia,1319,1157,7,Consumer
2024-02-03,P001,Laptop,Technology,USA,1310,-2,9,Home Office
2022-02-16,P004,Monitor,Technology,India,234,984,2,Corporate
2023-10-18,P002,Keyboard,Technology,UK,4613,337,6,Consumer
2023-04-16,P005,Headphones,Technology,Australia,2460,944,9,Corporate
2024-08-28,P003,Mouse,Technology,UK,4481,100,2,Consumer
2024-11-01,P004,Monitor,Technology,India,2259,523,2,Corporate
2024-01-06,P204,Stapler,Office Supplies,USA,3722,1398,5,Corporate
2024-02-23,P001,Laptop,Technology,India,4733,762,8,Consumer
2024-08-25,P201,Pen Pack,Office Supplies,Australia,1931,1259,9,Home Office
2022-12-24,P104,Table,Furniture,Canada,4346,-133,2,Corporate
2024-08-29,P002,Keyboard,Technology,USA,571,258,5,Consumer
2023-10-30,P103,Bookshelf,Furniture,Germany,1937,1337,7,Corporate
2023-01-08,P101,Office Chair,Furniture,UK,2602,197,6,Corporate
2024-10-28,P102,Desk,Furniture,India,3859,419,6,Home Office
2023-11-07,P205,Calculator,Office Supplies,USA,4933,1109,7,Corporate
2022-03-31,P101,Office Chair,Furniture,India,4205,1384,3,Corporate
2023-11-29,P102,Desk,Furniture,USA,4723,963,3,Consumer
2023-06-24,P102,Desk,Furniture,Australia,4466,529,9,Consumer
2024-01-02,P003,Mouse,Technology,Australia,3529,355,8,Home Office
2024-05-18,P003,Mouse,Technology,Australia,1459,580,5,Corporate
2022-02-10,P205,Calculator,Office Supplies,India,1744,1413,6,Corporate
2024-01-10,P202,Notebook,Office Supplies,Germany,4714,693,1,Corporate
2023-05-17,P002,Keyboard,Technology,Australia,576,409,1,Home Office
2024-08-16,P203,Paper Ream,Office Supplies,USA,2710,547,4,Corporate
2024-07-17,P001,Laptop,Technology,Australia,2222,81,2,Consumer
2023-04-06,P101,Office Chair,Furniture,Canada,329,460,7,Home Office
2024-01-02,P104,Table,Furniture,Australia,3014,723,2,Consumer
2024-01-22,P203,Paper Ream,Office Supplies,India,4027,795,2,Consumer
2024-07-13,P004,Monitor,Technology,Germany,2719,1401,5,Home Office
2024-06-27,P003,Mouse,Technology,Canada,2943,545,4,Consumer
2023-01-25,P205,Calculator,Office Supplies,India,1801,1280,8,Corporate
2024-06-01,P002,Keyboard,Technology,India,4031,-114,4,Home Office
2022-09-13,P105,Sofa,Furniture,India,4819,902,6,Consumer
2023-12-10,P203,Paper Ream,Office Supplies,USA,2411,1028,5,Corporate
2023-03-26,P202,Notebook,Office Supplies,India,4477,590,2,Corporate
2022-01-10,P001,Laptop,Technology,USA,4181,1160,8,Consumer
2024-04-03,P201,Pen Pack,Office Supplies,India,1758,1077,2,Corporate
2024-03-08,P004,Monitor,Technology,UK,2736,103,9,Home Office
2024-05-26,P003,Mouse,Technology,Canada,2945,1203,9,Consumer
2024-10-25,P003,Mouse,Technology,UK,4585,-71,3,Corporate
2024-10-12,P001,Laptop,Technology,India,2826,395,4,Corporate
2023-01-09,P005,Headphones,Technology,Canada,1169,1099,8,Consumer
2024-12-24,P202,Notebook,Office Supplies,Canada,3038,357,9,Consumer
2022-05-26,P105,Sofa,Furniture,Germany,4309,698,3,Consumer
2022-08-12,P105,Sofa,Furniture,UK,4293,1006,5,Consumer
2022-06-26,P201,Pen Pack,Office Supplies,Germany,244,1091,8,Home Office
2024-05-02,P201,Pen Pack,Office Supplies,Canada,712,1145,3,Consumer
2022-03-04,P101,Office Chair,Furniture,USA,529,1335,7,Home Office
2024-04-06,P104,Table,Furniture,Canada,4268,1435,8,Home Office
2024-03-05,P105,Sofa,Furniture,Germany,1473,-123,3,Consumer
2023-11-20,P103,Bookshelf,Furniture,UK,2758,583,2,Home Office
2022-04-15,P102,Desk,Furniture,India,3225,1162,7,Consumer
2023-05-26,P004,Monitor,Technology,India,3864,473,9,Consumer
2023-01-20,P203,Paper Ream,Office Supplies,UK,2064,1379,1,Corporate
2023-02-09,P005,Headphones,Technology,India,3839,1332,3,Consumer
2024-04-02,P101,Office Chair,Furniture,India,4855,37,5,Corporate
2023-06-02,P105,Sofa,Furniture,Germany,2493,957,3,Home Office
2023-04-21,P102,Desk,Furniture,UK,961,1015,1,Corporate
2023-12-10,P004,Monitor,Technology,Australia,3263,1179,7,Home Office
2024-02-10,P004,Monitor,Technology,USA,2414,77,7,Consumer
2024-11-12,P102,Desk,Furniture,USA,3679,841,8,Home Office
2024-09-23,P003,Mouse,Technology,India,3522,323,5,Home Office
2023-11-08,P003,Mouse,Technology,USA,730,-21,5,Consumer
2023-12-15,P104,Table,Furniture,UK,4701,-78,5,Home Office
2022-03-24,P004,Monitor,Technology,UK,659,1069,1,Consumer
2023-04-02,P201,Pen Pack,Office Supplies,Canada,2206,1196,5,Corporate
2022-01-01,P203,Paper Ream,Office Supplies,Canada,3916,874,6,Consumer
2022-02-20,P202,Notebook,Office Supplies,USA,421,894,1,Consumer
2023-11-16,P203,Paper Ream,Office Supplies,Australia,665,279,7,Home Office
2023-12-18,P101,Office Chair,Furniture,Canada,2303,1383,1,Corporate
2023-03-25,P104,Table,Furniture,Canada,4992,842,2,Consumer
2024-05-30,P104,Table,Furniture,UK,4188,-117,2,Corporate
2023-05-03,P201,Pen Pack,Office Supplies,Australia,914,978,5,Corporate
2022-02-03,P202,Notebook,Office Supplies,India,1318,364,7,Home Office
2022-04-05,P004,Monitor,Technology,USA,834,418,1,Consumer
2024-12-31,P005,Headphones,Technology,Canada,4621,156,1,Home Office
2022-06-03,P204,Stapler,Office Supplies,Australia,4228,615,1,Consumer
2022-09-07,P205,Calculator,Office Supplies,Australia,2287,446,6,Corporate
2023-11-05,P201,Pen Pack,Office Supplies,USA,4104,242,2,Consumer
2023-03-14,P201,Pen Pack,Office Supplies,Australia,4945,892,1,Consumer
2022-04-28,P004,Monitor,Technology,Australia,985,322,6,Corporate
2024-02-10,P203,Paper Ream,Office Supplies,Australia,4030,-58,2,Corporate
2022-09-25,P005,Headphones,Technology,Canada,2388,-9,6,Consumer
2024-12-13,P202,Notebook,Office Supplies,USA,375,1210,8,Home Office
2022-08-24,P204,Stapler,Office Supplies,Australia,1584,177,2,Consumer
2023-01-24,P202,Notebook,Office Supplies,Australia,3530,380,9,Corporate
2024-09-16,P004,Monitor,Technology,Canada,3911,334,8,Home Office
2024-02-02,P003,Mouse,Technology,USA,2035,1116,1,Corporate
2023-02-05,P103,Bookshelf,Furniture,UK,4982,832,7,Corporate
2023-09-16,P203,Paper Ream,Office Supplies,Canada,4653,1094,6,Home Office
2024-02-06,P103,Bookshelf,Furniture,USA,2828,1210,6,Corporate
2024-07-07,P101,Office Chair,Furniture,Australia,1320,-108,6,Corporate
2024-05-02,P001,Laptop,Technology,USA,690,328,6,Corporate
2023-08-01,P005,Headphones,Technology,USA,4753,977,7,Corporate
2022-03-16,P102,Desk,Furniture,India,4128,204,3,Corporate
2023-03-11,P204,Stapler,Office Supplies,USA,4711,639,6,Corporate
2022-04-13,P004,Monitor,Technology,UK,1417,972,3,Corporate
2024-02-03,P201,Pen Pack,Office Supplies,USA,4092,688,7,Corporate
2024-01-08,P204,Stapler,Office Supplies,UK,2625,1090,7,Corporate
2024-03-16,P101,Office Chair,Furniture,Australia,3653,221,8,Consumer
2022-04-08,P105,Sofa,Furniture,UK,1631,1441,2,Consumer
2024-03-08,P102,Desk,Furniture,Australia,2036,271,9,Corporate
2024-05-08,P105,Sofa,Furniture,Australia,2290,692,5,Consumer
2023-03-11,P003,Mouse,Technology,UK,4016,346,9,Home Office
2023-03-23,P003,Mouse,Technology,Canada,2155,430,5,Consumer
2022-09-06,P103,Bookshelf,Furniture,Germany,178,1349,7,Corporate
2022-06-15,P005,Headphones,Technology,USA,4851,1326,9,Corporate
2024-09-10,P104,Table,Furniture,India,4046,837,4,Consumer
2024-10-16,P202,Notebook,Office Supplies,Germany,901,577,2,Corporate
2023-06-26,P203,Paper Ream,Office Supplies,USA,4153,1475,9,Home Office
2024-01-29,P203,Paper Ream,Office Supplies,USA,2126,163,2,Home Office
2022-03-22,P103,Bookshelf,Furniture,Australia,3044,-82,3,Corporate
2022-05-13,P202,Notebook,Office Supplies,USA,3794,1061,2,Home Office
2024-03-07,P003,Mouse,Technology,India,2806,345,3,Home Office
2024-06-18,P202,Notebook,Office Supplies,USA,1694,992,6,Consumer
2022-05-18,P203,Paper Ream,Office Supplies,UK,4421,321,3,Home Office
2022-07-03,P205,Calculator,Office Supplies,Germany,3194,433,8,Consumer
2024-02-24,P005,Headphones,Technology,UK,292,1480,6,Corporate
2024-09-10,P102,Desk,Furniture,India,4135,762,7,Consumer
2022-03-10,P005,Headphones,Technology,USA,220,757,1,Corporate
2023-06-30,P102,Desk,Furniture,India,702,682,3,Corporate
2022-02-22,P105,Sofa,Furniture,Australia,3562,579,3,Corporate
2022-07-24,P205,Calculator,Office Supplies,UK,1549,670,2,Corporate
2022-05-06,P102,Desk,Furniture,UK,2149,315,7,Corporate
2022-02-12,P004,Monitor,Technology,Canada,2208,737,9,Consumer
2022-04-21,P005,Headphones,Technology,USA,2022,1220,4,Corporate
2024-01-31,P103,Bookshelf,Furniture,Australia,3975,665,5,Home Office
2024-04-27,P204,Stapler,Office Supplies,UK,2308,-95,3,Home Office
2022-04-05,P202,Notebook,Office Supplies,UK,4089,908,9,Corporate
2024-06-18,P004,Monitor,Technology,Australia,2085,13,4,Home Office
2022-12-26,P201,Pen Pack,Office Supplies,India,3321,944,5,Consumer
2024-06-18,P101,Office Chair,Furniture,India,907,955,1,Consumer
2022-10-08,P105,Sofa,Furniture,USA,3873,649,2,Corporate
2023-10-29,P005,Headphones,Technology,Canada,1099,-4,9,Corporate
2022-04-03,P103,Bookshelf,Furniture,UK,4040,-182,2,Corporate
2023-11-03,P004,Monitor,Technology,Canada,348,441,5,Home Office
2022-03-02,P101,Office Chair,Furniture,India,973,835,8,Home Office
2023-09-26,P005,Headphones,Technology,India,4282,904,3,Consumer
2024-12-10,P204,Stapler,Office Supplies,Germany,4356,129,6,Home Office
2024-10-25,P105,Sofa,Furniture,USA,2849,665,4,Consumer
2023-08-27,P105,Sofa,Furniture,Germany,4925,573,7,Home Office
2023-11-13,P001,Laptop,Technology,Germany,4112,191,3,Consumer
2023-06-18,P001,Laptop,Technology,Germany,4095,436,6,Corporate
2024-04-17,P105,Sofa,Furniture,USA,1852,106,9,Home Office
2023-10-07,P002,Keyboard,Technology,USA,2763,1090,1,Consumer
2022-08-21,P105,Sofa,Furniture,Australia,4556,1270,3,Home Office
2023-06-08,P205,Calculator,Office Supplies,Canada,2903,1264,2,Corporate
2022-12-12,P003,Mouse,Technology,Canada,2707,694,8,Consumer
2024-12-05,P103,Bookshelf,Furniture,Australia,4572,451,7,Home Office
2023-06-30,P203,Paper Ream,Office Supplies,Australia,3396,640,2,Home Office
2024-03-04,P202,Notebook,Office Supplies,India,1521,825,6,Corporate
2022-09-06,P102,Desk,Furniture,Germany,2999,319,3,Corporate
2022-02-16,P005,Headphones,Technology,Australia,991,1474,8,Consumer
2022-08-02,P103,Bookshelf,Furniture,UK,1957,435,3,Home Office
2022-08-27,P202,Notebook,Office Supplies,Canada,4887,1132,9,Home Office
2024-12-15,P101,Office Chair,Furniture,Australia,1293,539,1,Corporate
2022-12-16,P005,Headphones,Technology,UK,4473,1345,5,Corporate
2022-04-17,P204,Stapler,Office Supplies,UK,1516,268,3,Consumer
2024-04-10,P105,Sofa,Furniture,UK,4007,11,6,Home Office
2022-02-17,P004,Monitor,Technology,India,2016,935,2,Home Office
2022-12-03,P203,Paper Ream,Office Supplies,India,425,831,9,Consumer
2024-11-15,P004,Monitor,Technology,UK,312,603,6,Consumer
2024-03-14,P203,Paper Ream,Office Supplies,India,4412,276,7,Corporate
2022-01-08,P101,Office Chair,Furniture,Germany,3438,673,5,Corporate
2023-09-17,P004,Monitor,Technology,UK,3445,259,9,Consumer
2023-12-20,P205,Calculator,Office Supplies,Germany,1994,52,1,Consumer
2022-10-30,P003,Mouse,Technology,Germany,1943,1349,5,Home Office
2023-10-01,P005,Headphones,Technology,UK,3684,551,6,Consumer
2022-02-25,P102,Desk,Furniture,Canada,1702,1261,7,Consumer
2023-12-27,P003,Mouse,Technology,UK,4191,780,4,Home Office
2023-06-10,P204,Stapler,Office Supplies,UK,3942,653,1,Consumer
2023-04-19,P203,Paper Ream,Office Supplies,India,649,1484,8,Corporate
2022-01-28,P205,Calculator,Office Supplies,UK,4865,35,4,Corporate
2022-03-19,P201,Pen Pack,Office Supplies,Canada,1962,1129,3,Home Office
2022-12-31,P103,Bookshelf,Furniture,India,1342,277,7,Consumer
2023-10-28,P004,Monitor,Technology,USA,650,478,2,Corporate
2023-06-10,P102,Desk,Furniture,USA,430,843,8,Corporate
2023-11-30,P001,Laptop,Technology,Germany,4263,15,6,Corporate
2024-06-01,P002,Keyboard,Technology,Germany,3687,654,7,Corporate
2024-10-27,P003,Mouse,Technology,Canada,2213,-66,5,Consumer
2024-10-23,P105,Sofa,Furniture,Australia,4405,704,9,Consumer
2024-07-07,P005,Headphones,Technology,USA,1148,952,5,Consumer
2024-01-20,P104,Table,Furniture,Germany,415,209,5,Consumer
2022-12-29,P205,Calculator,Office Supplies,USA,2620,1245,3,Corporate
2024-03-16,P201,Pen Pack,Office Supplies,Canada,3469,1117,1,Home Office
2024-01-09,P005,Headphones,Technology,Canada,2526,1069,2,Home Office
2024-11-04,P104,Table,Furniture,Australia,840,1379,8,Corporate
2023-04-30,P203,Paper Ream,Office Supplies,Australia,3619,-115,1,Corporate
2022-01-28,P103,Bookshelf,Furniture,India,796,355,7,Home Office
2023-12-15,P105,Sofa,Furniture,Canada,362,1198,5,Home Office
2024-11-28,P002,Keyboard,Technology,Germany,4683,1269,3,Corporate
2022-03-27,P203,Paper Ream,Office Supplies,USA,970,177,7,Corporate
2022-05-06,P005,Headphones,Technology,UK,1127,1213,9,Consumer
2024-03-22,P004,Monitor,Technology,Australia,2879,1480,2,Consumer
2023-06-21,P205,Calculator,Office Supplies,UK,2431,874,8,Home Office
2022-05-25,P203,Paper Ream,Office Supplies,Germany,3668,41,9,Corporate
2022-01-25,P104,Table,Furniture,Australia,847,1117,3,Home Office
2022-03-08,P205,Calculator,Office Supplies,UK,4493,719,2,Consumer
2022-08-21,P101,Office Chair,Furniture,Germany,322,1386,7,Consumer
2022-04-19,P104,Table,Furniture,USA,3060,65,5,Home Office
2022-04-21,P101,Office Chair,Furniture,Germany,4865,943,5,Consumer
2022-08-16,P202,Notebook,Office Supplies,India,1823,511,5,Corporate
2022-04-21,P004,Monitor,Technology,Australia,2597,1071,4,Home Office
2022-02-03,P101,Office Chair,Furniture,Canada,3214,-131,5,Corporate
2023-09-15,P003,Mouse,Technology,USA,4830,-144,4,Corporate
2024-01-18,P003,Mouse,Technology,UK,4767,1205,6,Consumer
2023-08-18,P202,Notebook,Office Supplies,Australia,996,-162,4,Corporate
2023-03-01,P004,Monitor,Technology,Canada,2715,600,2,Home Office
2023-09-05,P004,Monitor,Technology,Germany,556,1266,9,Corporate
2023-11-23,P204,Stapler,Office Supplies,Canada,293,841,2,Corporate
2022-11-11,P102,Desk,Furniture,Australia,555,531,9,Corporate
2024-05-26,P004,Monitor,Technology,Australia,4567,624,6,Corporate
2023-10-24,P203,Paper Ream,Office Supplies,India,3208,555,9,Corporate
2022-10-04,P001,Laptop,Technology,India,3640,151,9,Consumer
2023-09-16,P003,Mouse,Technology,Canada,1922,1121,3,Home Office
2023-05-31,P103,Bookshelf,Furniture,Germany,3843,82,1,Consumer
2024-04-22,P001,Laptop,Technology,Canada,1242,1409,1,Home Office
2022-12-16,P203,Paper Ream,Office Supplies,Australia,4475,-91,3,Home Office
2024-04-02,P002,Keyboard,Technology,Australia,4795,816,5,Home Office
2024-01-29,P101,Office Chair,Furniture,UK,1514,1003,3,Home Office
2024-06-17,P103,Bookshelf,Furniture,India,440,343,9,Home Office
2022-08-31,P205,Calculator,Office Supplies,UK,4526,-176,9,Corporate
2023-06-27,P103,Bookshelf,Furniture,USA,3427,642,3,Consumer
2024-11-29,P002,Keyboard,Technology,Australia,4887,590,3,Consumer
2022-08-17,P104,Table,Furniture,UK,4965,537,5,Corporate
2023-07-02,P203,Paper Ream,Office Supplies,Canada,722,-144,2,Home Office
2024-07-08,P104,Table,Furniture,India,2610,-21,6,Consumer
2022-01-06,P105,Sofa,Furniture,India,1261,31,7,Corporate
2023-04-13,P103,Bookshelf,Furniture,Germany,979,142,9,Corporate
2022-03-16,P201,Pen Pack,Office Supplies,Canada,1589,276,6,Consumer
2022-01-04,P104,Table,Furniture,Germany,962,375,3,Consumer
2023-10-08,P105,Sofa,Furniture,UK,693,254,5,Home Office
2022-04-28,P001,Laptop,Technology,USA,4572,1055,4,Home Office
2024-05-30,P201,Pen Pack,Office Supplies,Canada,551,88,5,Consumer
2023-05-19,P101,Office Chair,Furniture,Canada,779,1036,8,Home Office
2024-08-04,P201,Pen Pack,Office Supplies,Canada,1333,57,8,Corporate
2023-07-28,P103,Bookshelf,Furniture,Germany,2168,329,6,Home Office
2022-07-13,P103,Bookshelf,Furniture,UK,4602,486,1,Home Office
2024-04-26,P103,Bookshelf,Furniture,Canada,4436,728,8,Corporate
2023-12-16,P005,Headphones,Technology,Canada,3886,28,8,Home Office
2024-11-15,P005,Headphones,Technology,India,969,1049,2,Corporate
2022-06-22,P005,Headphones,Technology,USA,4100,395,4,Home Office
2022-11-22,P202,Notebook,Office Supplies,India,2389,234,2,Consumer
2024-04-15,P205,Calculator,Office Supplies,India,805,681,4,Home Office
2023-12-25,P003,Mouse,Technology,USA,1919,820,7,Consumer
2022-08-13,P203,Paper Ream,Office Supplies,UK,4522,201,9,Consumer
2023-06-16,P102,Desk,Furniture,India,557,421,8,Consumer
2022-04-23,P102,Desk,Furniture,UK,1486,-113,9,Consumer
2022-05-20,P105,Sofa,Furniture,India,2625,383,8,Consumer
2023-07-13,P004,Monitor,Technology,Australia,3476,1365,2,Corporate
2022-01-01,P202,Notebook,Office Supplies,USA,608,108,7,Corporate
2022-03-31,P001,Laptop,Technology,India,3152,705,2,Corporate
2023-10-16,P203,Paper Ream,Office Supplies,Australia,4566,142,2,Consumer
2022-11-16,P101,Office Chair,Furniture,Germany,3672,235,4,Home Office
2022-05-19,P003,Mouse,Technology,Australia,4449,-24,1,Corporate
2024-04-24,P203,Paper Ream,Office Supplies,Canada,4107,-62,5,Home Office
2022-09-16,P202,Notebook,Office Supplies,India,3765,-7,6,Home Office
2024-06-20,P102,Desk,Furniture,Australia,1351,1009,9,Consumer
2023-11-21,P001,Laptop,Technology,UK,2205,1041,8,Consumer
2022-01-10,P003,Mouse,Technology,Germany,742,987,2,Consumer
2022-09-18,P001,Laptop,Technology,India,4400,984,1,Corporate
2022-06-21,P104,Table,Furniture,Canada,1528,742,2,Consumer
2024-06-16,P001,Laptop,Technology,Australia,306,324,7,Corporate
2022-01-13,P105,Sofa,Furniture,Germany,2480,1424,4,Corporate
2022-11-17,P101,Office Chair,Furniture,India,491,865,5,Corporate
2022-11-25,P105,Sofa,Furniture,Germany,1931,714,7,Corporate
2024-02-24,P205,Calculator,Office Supplies,Canada,2696,9,3,Consumer
2024-02-16,P005,Headphones,Technology,Australia,3870,540,2,Corporate
2024-06-29,P004,Monitor,Technology,Germany,4727,661,7,Consumer
2022-11-14,P101,Office Chair,Furniture,Germany,1785,1098,5,Consumer
2022-08-24,P101,Office Chair,Furniture,USA,3785,753,1,Corporate
2022-11-30,P004,Monitor,Technology,Germany,2695,1102,1,Consumer
2023-01-11,P103,Bookshelf,Furniture,USA,68,1074,9,Home Office
2023-08-11,P002,Keyboard,Technology,Australia,1174,1133,5,Consumer
2023-05-28,P201,Pen Pack,Office Supplies,India,4035,632,1,Consumer
2024-07-06,P102,Desk,Furniture,India,2704,-61,7,Corporate
2024-05-22,P004,Monitor,Technology,Australia,2130,591,9,Corporate
2022-09-27,P103,Bookshelf,Furniture,Australia,1597,345,1,Consumer
2024-03-08,P003,Mouse,Technology,UK,911,816,4,Corporate
2023-12-26,P003,Mouse,Technology,Australia,204,1353,3,Home Office
2022-01-05,P104,Table,Furniture,Germany,3544,-144,5,Home Office
2024-04-30,P205,Calculator,Office Supplies,India,954,-89,7,Corporate
2022-03-19,P005,Headphones,Technology,Canada,1319,-196,8,Consumer
2023-07-28,P002,Keyboard,Technology,India,454,1233,2,Home Office
2022-05-12,P005,Headphones,Technology,USA,893,1237,7,Home Office
2023-08-24,P205,Calculator,Office Supplies,India,1832,1005,1,Consumer
2024-12-01,P203,Paper Ream,Office Supplies,UK,1614,836,7,Corporate
2022-03-30,P103,Bookshelf,Furniture,Australia,1234,1162,8,Home Office
2023-02-06,P202,Notebook,Office Supplies,Australia,796,1082,2,Consumer
2022-10-23,P101,Office Chair,Furniture,India,1775,-111,9,Consumer
2023-09-08,P102,Desk,Furniture,Canada,3238,415,1,Home Office
2024-03-10,P202,Notebook,Office Supplies,Canada,320,690,6,Corporate
2023-02-26,P104,Table,Furniture,UK,4915,497,1,Home Office
2024-11-12,P204,Stapler,Office Supplies,USA,4006,1073,3,Consumer
2023-07-29,P102,Desk,Furniture,India,221,1078,6,Home Office
2022-05-23,P202,Notebook,Office Supplies,Australia,323,1411,3,Corporate
2024-09-19,P202,Notebook,Office Supplies,India,2356,697,8,Consumer
2023-10-27,P105,Sofa,Furniture,UK,1208,770,5,Corporate
2022-05-25,P004,Monitor,Technology,Germany,1756,931,2,Home Office
2024-10-03,P102,Desk,Furniture,Germany,1821,467,4,Home Office
2023-05-18,P203,Paper Ream,Office Supplies,UK,471,393,9,Corporate
2024-03-31,P003,Mouse,Technology,Australia,1259,388,4,Home Office
2022-04-14,P105,Sofa,Furniture,UK,4725,284,8,Corporate
2024-11-28,P105,Sofa,Furniture,Australia,940,781,5,Home Office
2022-07-17,P101,Office Chair,Furniture,Canada,4867,771,1,Corporate
2023-08-02,P001,Laptop,Technology,UK,3317,1081,7,Corporate
2023-01-26,P201,Pen Pack,Office Supplies,Australia,1523,438,3,Consumer
2023-07-08,P105,Sofa,Furniture,UK,3293,796,8,Consumer
2024-11-04,P105,Sofa,Furniture,UK,4528,81,3,Corporate
2023-04-23,P105,Sofa,Furniture,Australia,2231,785,1,Home Office
2024-07-11,P103,Bookshelf,Furniture,Australia,1499,911,5,Home Office
2023-02-24,P105,Sofa,Furniture,USA,3146,1027,2,Home Office
2022-06-06,P203,Paper Ream,Office Supplies,UK,3306,-185,4,Corporate
2023-07-04,P201,Pen Pack,Office Supplies,Germany,3206,974,1,Corporate
2024-10-17,P101,Office Chair,Furniture,UK,1640,735,9,Corporate
2024-09-23,P001,Laptop,Technology,UK,4289,53,6,Corporate
2024-08-08,P202,Notebook,Office Supplies,Australia,4031,1011,8,Consumer
2022-10-16,P002,Keyboard,Technology,UK,1485,128,4,Corporate
2022-07-15,P204,Stapler,Office Supplies,India,273,343,9,Home Office
2023-08-21,P104,Table,Furniture,UK,269,582,2,Consumer
2023-06-01,P204,Stapler,Office Supplies,India,4324,796,9,Home Office
2024-05-14,P102,Desk,Furniture,Germany,1704,1220,5,Corporate
2024-03-16,P202,Notebook,Office Supplies,Australia,4578,1340,6,Consumer
2024-03-25,P104,Table,Furniture,UK,314,1282,3,Corporate
2022-08-16,P104,Table,Furniture,India,1003,1153,4,Consumer
2022-08-04,P105,Sofa,Furniture,India,4574,644,6,Home Office
2024-08-05,P104,Table,Furniture,India,3783,992,7,Corporate
2022-01-15,P005,Headphones,Technology,Canada,2824,165,1,Corporate
2022-02-16,P103,Bookshelf,Furniture,USA,3174,1001,7,Consumer
2022-11-20,P002,Keyboard,Technology,Germany,529,454,1,Consumer
2024-04-23,P004,Monitor,Technology,UK,3564,1185,5,Corporate
2022-05-10,P102,Desk,Furniture,Canada,1403,559,6,Consumer
2022-04-05,P002,Keyboard,Technology,UK,3372,438,2,Corporate
2023-09-19,P202,Notebook,Office Supplies,UK,3928,863,9,Consumer
2024-01-25,P103,Bookshelf,Furniture,Australia,939,723,6,Home Office
2024-03-04,P001,Laptop,Technology,Australia,3904,215,7,Consumer
2022-03-10,P104,Table,Furniture,Australia,974,1178,8,Home Office
2022-01-11,P101,Office Chair,Furniture,Canada,2220,54,1,Consumer
2024-05-21,P101,Office Chair,Furniture,UK,1952,966,8,Consumer
2023-07-04,P001,Laptop,Technology,USA,4923,509,4,Corporate
2023-12-13,P202,Notebook,Office Supplies,Germany,2445,376,8,Consumer
2022-01-23,P205,Calculator,Office Supplies,Australia,78,699,6,Consumer
2024-03-25,P002,Keyboard,Technology,Australia,84,-190,9,Home Office
2022-12-12,P102,Desk,Furniture,UK,3639,1443,4,Consumer
2022-10-29,P001,Laptop,Technology,UK,2720,-175,2,Corporate
2022-12-29,P002,Keyboard,Technology,Canada,3415,756,2,Home Office
2023-01-31,P001,Laptop,Technology,Canada,638,220,5,Corporate
2022-08-06,P105,Sofa,Furniture,Australia,3268,1486,9,Corporate
2022-05-21,P004,Monitor,Technology,UK,3188,1044,3,Corporate
2024-08-15,P101,Office Chair,Furniture,USA,953,295,8,Corporate
2024-09-11,P005,Headphones,Technology,Germany,4136,1060,4,Home Office
2024-09-19,P204,Stapler,Office Supplies,UK,2219,36,6,Consumer
2024-04-07,P003,Mouse,Technology,UK,389,808,6,Corporate
2023-11-14,P001,Laptop,Technology,India,4320,18,3,Home Office
2024-09-30,P201,Pen Pack,Office Supplies,Canada,1764,1310,5,Corporate
2022-12-22,P103,Bookshelf,Furniture,Germany,4742,260,3,Consumer
2024-10-04,P103,Bookshelf,Furniture,Australia,4596,462,1,Home Office
2024-06-06,P001,Laptop,Technology,UK,606,434,7,Home Office
2022-05-07,P203,Paper Ream,Office Supplies,Australia,3137,967,4,Consumer
2024-10-05,P102,Desk,Furniture,UK,3316,789,7,Home Office
2023-08-27,P004,Monitor,Technology,Australia,3617,-12,3,Consumer
2024-10-10,P204,Stapler,Office Supplies,Germany,2106,54,5,Home Office
2022-02-20,P104,Table,Furniture,Canada,3949,-133,5,Home Office
2024-11-18,P102,Desk,Furniture,Germany,1066,415,2,Consumer
2024-02-18,P203,Paper Ream,Office Supplies,India,2112,135,2,Consumer
2024-03-24,P205,Calculator,Office Supplies,USA,888,470,4,Home Office
2023-02-24,P203,Paper Ream,Office Supplies,Canada,1687,620,4,Home Office
2024-09-09,P201,Pen Pack,Office Supplies,Germany,4371,673,4,Consumer
2024-04-04,P004,Monitor,Technology,India,3546,1232,6,Consumer
2024-10-21,P203,Paper Ream,Office Supplies,USA,1863,99,2,Home Office
2023-07-21,P105,Sofa,Furniture,India,3529,1425,6,Home Office
2023-01-06,P101,Office Chair,Furniture,UK,1501,156,7,Home Office
2024-07-24,P002,Keyboard,Technology,UK,2363,55,3,Consumer
2023-10-23,P102,Desk,Furniture,Australia,1564,807,8,Home Office
2024-08-26,P105,Sofa,Furniture,Canada,1281,152,2,Corporate
2022-07-21,P201,Pen Pack,Office Supplies,UK,1695,1344,8,Consumer
2022-11-09,P104,Table,Furniture,India,3049,323,5,Home Office
2022-04-27,P003,Mouse,Technology,Canada,3490,749,2,Consumer
2024-07-25,P201,Pen Pack,Office Supplies,UK,4106,555,7,Corporate
2023-07-29,P202,Notebook,Office Supplies,Australia,355,83,2,Consumer
2022-09-01,P005,Headphones,Technology,Germany,3586,1135,6,Home Office
2023-06-21,P205,Calculator,Office Supplies,Australia,1773,-102,3,Corporate
2022-03-16,P203,Paper Ream,Office Supplies,USA,1739,-4,9,Corporate
2023-01-21,P005,Headphones,Technology,UK,1567,281,3,Home Office
2023-04-20,P205,Calculator,Office Supplies,USA,3967,677,3,Home Office
2023-02-22,P001,Laptop,Technology,USA,469,1049,5,Home Office
2022-12-13,P004,Monitor,Technology,India,2986,414,7,Consumer
2023-10-02,P103,Bookshelf,Furniture,Canada,3912,417,8,Consumer
2024-07-27,P101,Office Chair,Furniture,India,4279,1188,7,Consumer
2024-08-12,P204,Stapler,Office Supplies,UK,1500,167,9,Home Office
2024-05-25,P201,Pen Pack,Office Supplies,USA,3146,369,5,Home Office
2024-02-02,P001,Laptop,Technology,Germany,3311,389,3,Consumer
2023-10-26,P205,Calculator,Office Supplies,USA,1214,898,6,Corporate
2022-01-25,P004,Monitor,Technology,Germany,1919,865,5,Consumer
2023-12-11,P003,Mouse,Technology,India,1869,221,4,Corporate
2022-06-26,P203,Paper Ream,Office Supplies,India,2755,635,2,Home Office
2022-10-12,P004,Monitor,Technology,Canada,3565,1004,7,Home Office
2022-03-04,P105,Sofa,Furniture,USA,1392,344,5,Consumer
2024-09-29,P202,Notebook,Office Supplies,Australia,2276,-130,4,Consumer
2023-10-24,P101,Office Chair,Furniture,India,1129,1391,8,Home Office
2023-10-28,P205,Calculator,Office Supplies,India,4256,928,9,Consumer
2022-06-05,P004,Monitor,Technology,Canada,4613,1023,9,Home Office
2024-12-08,P201,Pen Pack,Office Supplies,Germany,2829,924,3,Home Office
2024-08-24,P103,Bookshelf,Furniture,Canada,2578,567,3,Corporate
2024-04-28,P002,Keyboard,Technology,USA,863,106,5,Consumer
2023-11-20,P203,Paper Ream,Office Supplies,UK,2081,1409,5,Home Office
2022-05-28,P204,Stapler,Office Supplies,UK,372,176,2,Consumer
2022-12-08,P201,Pen Pack,Office Supplies,Germany,3019,454,1,Corporate
2023-04-21,P104,Table,Furniture,India,953,477,8,Corporate
2024-12-22,P101,Office Chair,Furniture,Germany,1591,198,3,Consumer
2023-07-15,P205,Calculator,Office Supplies,India,3553,20,1,Consumer
2022-11-23,P002,Keyboard,Technology,India,2703,1418,1,Home Office
2024-09-16,P005,Headphones,Technology,UK,2526,-19,2,Corporate
2022-08-03,P105,Sofa,Furniture,Germany,3390,106,6,Corporate
2023-03-11,P004,Monitor,Technology,Canada,4293,321,6,Corporate
2024-08-09,P102,Desk,Furniture,India,1191,1219,3,Consumer
2023-12-24,P201,Pen Pack,Office Supplies,Australia,899,813,4,Home Office
2022-02-01,P101,Office Chair,Furniture,Australia,416,-197,2,Consumer
2023-11-01,P103,Bookshelf,Furniture,Canada,2947,662,2,Consumer
2022-10-12,P201,Pen Pack,Office Supplies,Australia,1139,647,7,Consumer
2023-03-05,P004,Monitor,Technology,USA,4091,603,1,Home Office
2022-10-13,P105,Sofa,Furniture,India,2088,1104,7,Consumer
2024-11-08,P105,Sofa,Furniture,Canada,2910,14,1,Corporate
2022-01-18,P205,Calculator,Office Supplies,Germany,4320,771,6,Corporate
2024-02-08,P002,Keyboard,Technology,India,1904,1433,3,Corporate
2023-08-13,P101,Office Chair,Furniture,Canada,4733,1243,8,Home Office
2024-10-06,P204,Stapler,Office Supplies,UK,544,-100,6,Consumer
2022-07-13,P102,Desk,Furniture,Germany,3232,762,2,Home Office
2023-05-17,P203,Paper Ream,Office Supplies,UK,1834,1344,8,Consumer
2024-09-14,P004,Monitor,Technology,India,3560,372,5,Corporate
2022-04-24,P004,Monitor,Technology,Germany,3836,1132,8,Consumer
2024-08-04,P004,Monitor,Technology,Australia,4180,457,8,Consumer
2024-04-10,P005,Headphones,Technology,Canada,1048,738,6,Consumer
2024-07-13,P104,Table,Furniture,India,4519,1333,2,Home Office
2022-02-24,P101,Office Chair,Furniture,USA,1501,886,8,Consumer
2024-03-10,P004,Monitor,Technology,Germany,1801,1456,6,Consumer
2024-02-17,P005,Headphones,Technology,Germany,2330,25,6,Consumer
2022-06-11,P004,Monitor,Technology,India,4850,-96,8,Home Office
2022-03-28,P103,Bookshelf,Furniture,India,4708,571,1,Home Office
2022-02-24,P003,Mouse,Technology,UK,2984,1248,2,Home Office
2024-10-28,P005,Headphones,Technology,Australia,3784,1078,9,Consumer
2024-04-12,P001,Laptop,Technology,UK,3396,228,8,Corporate
2022-11-09,P201,Pen Pack,Office Supplies,UK,1923,233,7,Corporate
2024-01-29,P002,Keyboard,Technology,Australia,4584,1030,7,Corporate
2023-03-19,P205,Calculator,Office Supplies,USA,3853,851,5,Consumer
2022-11-24,P204,Stapler,Office Supplies,UK,2029,481,2,Corporate
2024-12-13,P005,Headphones,Technology,UK,748,1159,6,Corporate
2024-01-31,P202,Notebook,Office Supplies,Germany,1362,387,3,Corporate
2023-08-02,P005,Headphones,Technology,Australia,3012,1451,4,Consumer
2024-12-10,P105,Sofa,Furniture,Canada,2988,892,2,Corporate
2024-10-03,P102,Desk,Furniture,USA,4837,665,2,Corporate
2022-04-06,P101,Office Chair,Furniture,USA,2350,545,8,Consumer
2024-03-24,P104,Table,Furniture,Australia,3247,1336,8,Home Office
2023-05-06,P202,Notebook,Office Supplies,India,176,990,6,Corporate
2023-03-28,P003,Mouse,Technology,India,1241,663,5,Home Office
2022-06-14,P001,Laptop,Technology,Germany,2689,167,8,Corporate
2022-07-01,P003,Mouse,Technology,Germany,4439,50,4,Consumer
2023-04-14,P101,Office Chair,Furniture,Australia,3966,658,4,Home Office
2024-06-28,P104,Table,Furniture,Germany,1416,655,5,Home Office
2024-01-05,P004,Monitor,Technology,USA,1069,993,1,Home Office
2024-04-02,P105,Sofa,Furniture,USA,4129,913,1,Home Office
2024-08-01,P003,Mouse,Technology,Canada,4564,360,2,Corporate
2022-01-07,P001,Laptop,Technology,India,4589,1269,8,Corporate
2022-11-26,P004,Monitor,Technology,Australia,734,93,7,Home Office
2024-02-14,P002,Keyboard,Technology,UK,3679,718,9,Corporate
2022-05-31,P004,Monitor,Technology,India,2937,973,5,Home Office
2022-05-27,P002,Keyboard,Technology,UK,1512,955,2,Home Office
2024-07-03,P001,Laptop,Technology,Canada,4136,232,7,Consumer
2023-12-01,P104,Table,Furniture,Canada,2311,-142,8,Home Office
2022-03-23,P004,Monitor,Technology,Germany,4230,768,7,Corporate
2023-05-29,P001,Laptop,Technology,Canada,2891,635,7,Home Office
2024-03-25,P104,Table,Furniture,Canada,1817,-2,5,Consumer
2023-12-10,P102,Desk,Furniture,UK,4230,14,2,Corporate
2024-01-16,P104,Table,Furniture,Germany,3610,697,6,Consumer
2024-10-19,P003,Mouse,Technology,Canada,2162,1384,4,Consumer
2023-12-08,P205,Calculator,Office Supplies,India,4808,271,2,Home Office
2023-04-16,P202,Notebook,Office Supplies,Canada,676,46,9,Consumer
2023-01-31,P103,Bookshelf,Furniture,Germany,4209,181,7,Consumer
2022-09-18,P201,Pen Pack,Office Supplies,Australia,3464,790,6,Corporate
2024-03-15,P102,Desk,Furniture,Germany,1425,1062,5,Consumer
2024-07-22,P005,Headphones,Technology,UK,1231,726,3,Home Office
2024-06-23,P205,Calculator,Office Supplies,Australia,540,1190,4,Home Office
2024-12-12,P001,Laptop,Technology,India,3779,991,3,Home Office
2024-07-28,P201,Pen Pack,Office Supplies,USA,3584,359,8,Consumer
2024-05-03,P002,Keyboard,Technology,Germany,3346,874,3,Corporate
2023-08-16,P204,Stapler,Office Supplies,UK,1990,1433,7,Home Office
2023-12-15,P001,Laptop,Technology,India,4458,488,7,Consumer
2023-09-24,P004,Monitor,Technology,Australia,1932,179,7,Home Office
2022-02-28,P203,Paper Ream,Office Supplies,India,4958,273,7,Home Office
2022-05-08,P005,Headphones,Technology,Germany,3037,903,2,Corporate
2024-01-06,P004,Monitor,Technology,Canada,3209,496,3,Home Office
2023-12-22,P005,Headphones,Technology,Germany,4825,1190,9,Corporate
2023-06-10,P204,Stapler,Office Supplies,USA,4580,1284,3,Consumer
2023-06-05,P203,Paper Ream,Office Supplies,Germany,731,710,2,Home Office
2023-07-06,P001,Laptop,Technology,Australia,1123,1362,9,Consumer
2022-08-25,P003,Mouse,Technology,Australia,2437,1275,9,Consumer
2023-05-09,P201,Pen Pack,Office Supplies,Germany,2444,1287,4,Consumer
2022-01-04,P201,Pen Pack,Office Supplies,Australia,2743,759,9,Home Office
2023-10-28,P005,Headphones,Technology,Canada,1420,277,3,Corporate
2023-03-18,P003,Mouse,Technology,India,4794,803,7,Home Office
2022-01-29,P004,Monitor,Technology,Germany,4390,725,7,Consumer
2023-09-02,P103,Bookshelf,Furniture,Canada,2206,1243,8,Corporate
2024-03-15,P205,Calculator,Office Supplies,India,2630,506,4,Consumer
2022-03-16,P101,Office Chair,Furniture,India,4441,1037,3,Corporate
2024-04-17,P205,Calculator,Office Supplies,Canada,2209,1192,3,Home Office
2022-05-08,P202,Notebook,Office Supplies,UK,3298,653,5,Corporate
2022-02-11,P202,Notebook,Office Supplies,Germany,3781,937,1,Home Office
2022-02-10,P204,Stapler,Office Supplies,India,3879,816,3,Consumer
2024-07-22,P205,Calculator,Office Supplies,India,1677,553,6,Corporate
2022-02-03,P204,Stapler,Office Supplies,Australia,3522,302,3,Consumer
2024-11-06,P204,Stapler,Office Supplies,India,77,1459,5,Corporate
2024-09-24,P102,Desk,Furniture,Canada,2035,616,9,Home Office
2023-08-11,P004,Monitor,Technology,India,4203,387,2,Corporate
2022-12-08,P002,Keyboard,Technology,UK,1571,1134,2,Corporate
2022-01-27,P101,Office Chair,Furniture,Germany,346,1292,6,Home Office
2023-10-08,P105,Sofa,Furniture,Germany,2231,507,6,Home Office
2024-01-01,P104,Table,Furniture,India,3452,867,8,Home Office
2022-06-17,P102,Desk,Furniture,USA,2346,1238,2,Corporate
2023-09-02,P203,Paper Ream,Office Supplies,USA,2647,1069,9,Consumer
2022-09-25,P004,Monitor,Technology,Canada,951,907,2,Corporate
2024-03-31,P201,Pen Pack,Office Supplies,USA,1148,6,1,Corporate
2023-03-31,P001,Laptop,Technology,Canada,1727,-50,2,Consumer
2024-06-24,P003,Mouse,Technology,Australia,2931,467,7,Home Office
2024-07-10,P102,Desk,Furniture,Canada,4916,327,8,Corporate
2024-09-07,P204,Stapler,Office Supplies,USA,1428,-36,5,Consumer
2023-12-03,P102,Desk,Furniture,India,1298,716,6,Home Office
2023-09-26,P201,Pen Pack,Office Supplies,Australia,3785,968,1,Home Office
2022-05-10,P002,Keyboard,Technology,USA,4291,809,6,Corporate
2024-10-16,P101,Office Chair,Furniture,Canada,1314,-164,8,Home Office
2024-03-29,P102,Desk,Furniture,UK,1957,132,3,Home Office
2023-11-24,P003,Mouse,Technology,Germany,1108,202,1,Consumer
2024-03-04,P005,Headphones,Technology,USA,2799,213,4,Consumer
2022-01-29,P003,Mouse,Technology,Canada,2098,-156,1,Home Office
2022-05-29,P103,Bookshelf,Furniture,Australia,4298,1225,8,Consumer
2022-01-11,P205,Calculator,Office Supplies,USA,2526,5,5,Home Office
2023-11-07,P105,Sofa,Furniture,USA,4066,-139,1,Corporate
2022-07-06,P204,Stapler,Office Supplies,Germany,4653,219,8,Consumer
2024-03-17,P104,Table,Furniture,Canada,3247,667,9,Home Office
2024-01-14,P103,Bookshelf,Furniture,UK,4636,1291,2,Home Office
2022-04-08,P003,Mouse,Technology,Australia,3603,619,9,Consumer
2022-02-24,P201,Pen Pack,Office Supplies,Canada,4490,-182,8,Consumer
2023-09-15,P101,Office Chair,Furniture,Australia,1811,164,7,Corporate
2023-10-26,P104,Table,Furniture,USA,270,1123,3,Home Office
2024-01-28,P004,Monitor,Technology,Germany,4868,830,2,Corporate
2023-02-10,P001,Laptop,Technology,Germany,4673,227,7,Corporate
2022-03-10,P201,Pen Pack,Office Supplies,India,2938,940,5,Corporate
2024-01-21,P102,Desk,Furniture,UK,1714,379,6,Consumer
2024-08-15,P202,Notebook,Office Supplies,Germany,4036,1330,4,Corporate
2022-12-31,P101,Office Chair,Furniture,USA,4626,345,2,Consumer
2023-04-27,P202,Notebook,Office Supplies,UK,3027,124,9,Consumer
2022-07-20,P005,Headphones,Technology,Canada,1921,-146,3,Corporate
2022-06-03,P104,Table,Furniture,Germany,1512,577,7,Corporate
2022-03-14,P204,Stapler,Office Supplies,UK,394,791,8,Home Office
2023-12-14,P001,Laptop,Technology,USA,94,-159,2,Corporate
2022-10-23,P003,Mouse,Technology,India,2118,1120,6,Home Office
2024-11-06,P201,Pen Pack,Office Supplies,Australia,1564,30,8,Corporate
2022-03-02,P102,Desk,Furniture,Australia,2648,252,7,Corporate
2024-07-27,P103,Bookshelf,Furniture,USA,1051,193,3,Corporate
2022-02-11,P002,Keyboard,Technology,USA,1083,1345,1,Corporate
2022-01-25,P105,Sofa,Furniture,Australia,2090,1181,6,Home Office
2024-11-28,P102,Desk,Furniture,India,323,1267,8,Home Office
2022-05-11,P105,Sofa,Furniture,UK,2697,951,6,Corporate
2022-04-18,P005,Headphones,Technology,Australia,1829,490,5,Corporate
2022-06-21,P202,Notebook,Office Supplies,USA,4526,1228,8,Home Office
2022-04-12,P102,Desk,Furniture,Germany,528,191,2,Consumer
2024-05-15,P005,Headphones,Technology,Canada,565,1016,1,Consumer
2023-06-08,P003,Mouse,Technology,India,4336,403,1,Consumer
2022-10-02,P205,Calculator,Office Supplies,India,1241,680,4,Home Office
2024-12-03,P104,Table,Furniture,Germany,2718,901,6,Home Office
2024-03-27,P105,Sofa,Furniture,Germany,1461,-116,9,Consumer
2024-08-14,P203,Paper Ream,Office Supplies,USA,3330,853,1,Consumer
2024-11-06,P204,Stapler,Office Supplies,Australia,321,-152,1,Corporate
2022-11-26,P001,Laptop,Technology,UK,192,968,5,Home Office
2022-01-12,P001,Laptop,Technology,India,3382,-132,5,Home Office
2022-08-04,P203,Paper Ream,Office Supplies,India,837,881,5,Consumer
2022-12-05,P105,Sofa,Furniture,Germany,1731,496,6,Consumer
2023-10-23,P002,Keyboard,Technology,Australia,672,1397,8,Home Office
2023-01-09,P003,Mouse,Technology,India,3891,278,3,Corporate
2024-09-02,P104,Table,Furniture,UK,3726,619,9,Consumer
2023-12-11,P004,Monitor,Technology,Germany,2622,1268,1,Home Office
2023-04-11,P101,Office Chair,Furniture,UK,3310,1119,4,Home Office
2023-05-04,P104,Table,Furniture,Australia,4762,994,9,Corporate
2022-02-16,P103,Bookshelf,Furniture,India,116,1398,8,Corporate
2024-02-17,P204,Stapler,Office Supplies,Canada,4336,-54,9,Consumer
2024-11-05,P203,Paper Ream,Office Supplies,India,4666,1307,1,Consumer
2023-12-12,P202,Notebook,Office Supplies,Australia,1190,1129,9,Consumer
2023-02-05,P101,Office Chair,Furniture,India,2364,1496,3,Home Office
2024-09-07,P104,Table,Furniture,India,2582,1476,9,Consumer
2022-09-07,P203,Paper Ream,Office Supplies,USA,3630,815,1,Home Office
2023-01-26,P005,Headphones,Technology,India,1237,408,1,Consumer
2022-12-01,P101,Office Chair,Furniture,India,4521,245,9,Corporate
2023-09-21,P002,Keyboard,Technology,UK,4798,20,6,Corporate
2022-05-17,P003,Mouse,Technology,Canada,3389,1378,4,Home Office
2024-06-01,P102,Desk,Furniture,UK,598,1201,7,Corporate
2023-11-19,P102,Desk,Furniture,UK,4137,1443,5,Home Office
2024-04-06,P004,Monitor,Technology,Germany,122,1089,7,Home Office
2023-12-28,P004,Monitor,Technology,USA,248,-106,8,Corporate
2023-08-17,P203,Paper Ream,Office Supplies,UK,3251,61,8,Home Office
2024-09-16,P205,Calculator,Office Supplies,Australia,1831,696,1,Corporate
2023-01-07,P103,Bookshelf,Furniture,Australia,621,894,8,Consumer
2024-07-23,P205,Calculator,Office Supplies,India,840,18,6,Consumer
2024-09-21,P202,Notebook,Office Supplies,Germany,1688,1356,4,Corporate
2023-02-06,P201,Pen Pack,Office Supplies,USA,1881,-109,8,Corporate
2023-09-07,P203,Paper Ream,Office Supplies,USA,1905,-74,3,Corporate
2024-09-21,P003,Mouse,Technology,India,1224,-121,4,Corporate
2023-09-12,P105,Sofa,Furniture,Australia,3790,1061,6,Consumer
2022-07-07,P202,Notebook,Office Supplies,Canada,3327,782,7,Home Office
2022-05-11,P002,Keyboard,Technology,Germany,228,1195,4,Home Office
2024-03-15,P005,Headphones,Technology,India,2294,715,4,Consumer
2024-07-24,P002,Keyboard,Technology,Germany,4136,285,7,Home Office
2024-09-12,P204,Stapler,Office Supplies,Australia,784,493,6,Consumer
2022-07-02,P201,Pen Pack,Office Supplies,Australia,848,-176,8,Home Office
2024-09-09,P103,Bookshelf,Furniture,Canada,837,-45,1,Corporate
2022-12-30,P201,Pen Pack,Office Supplies,Canada,2845,1340,7,Corporate
2022-02-08,P203,Paper Ream,Office Supplies,USA,4354,431,7,Corporate
2023-05-12,P004,Monitor,Technology,Germany,4638,1353,7,Consumer
2024-09-08,P102,Desk,Furniture,Germany,3134,880,7,Consumer
2024-07-09,P205,Calculator,Office Supplies,Australia,2968,1428,8,Home Office
2023-12-23,P204,Stapler,Office Supplies,USA,781,-182,9,Home Office
2022-01-16,P001,Laptop,Technology,India,1179,1207,9,Home Office
2023-05-08,P005,Headphones,Technology,Germany,3496,1016,2,Consumer
2024-06-12,P202,Notebook,Office Supplies,USA,1655,36,7,Home Office
2022-11-07,P104,Table,Furniture,USA,3828,1210,7,Corporate
2024-01-09,P105,Sofa,Furniture,Australia,2795,1249,4,Home Office
2023-06-30,P004,Monitor,Technology,USA,3220,76,9,Corporate
2023-02-18,P004,Monitor,Technology,Canada,4739,1050,8,Consumer
2022-09-08,P202,Notebook,Office Supplies,Canada,2983,544,1,Corporate
2024-01-29,P003,Mouse,Technology,UK,1265,351,2,Corporate
2024-11-28,P205,Calculator,Office Supplies,Australia,374,1146,2,Corporate
2024-03-24,P102,Desk,Furniture,India,1900,976,8,Consumer
2022-01-29,P104,Table,Furniture,UK,1540,438,1,Consumer
2024-08-15,P202,Notebook,Office Supplies,Canada,943,36,4,Consumer
2023-04-22,P003,Mouse,Technology,UK,1440,797,5,Consumer
2022-11-14,P105,Sofa,Furniture,Australia,3439,-146,9,Home Office
2022-09-02,P003,Mouse,Technology,Australia,4289,1259,7,Consumer
2024-01-18,P101,Office Chair,Furniture,USA,4529,483,8,Corporate
2023-11-28,P205,Calculator,Office Supplies,Germany,2313,-92,9,Consumer
2022-09-29,P203,Paper Ream,Office Supplies,USA,3482,1007,7,Home Office
2023-01-12,P204,Stapler,Office Supplies,Australia,2421,1191,5,Home Office
2022-09-23,P105,Sofa,Furniture,Canada,3136,1021,5,Home Office
2024-07-14,P005,Headphones,Technology,India,4362,1194,6,Corporate
2024-07-09,P002,Keyboard,Technology,Canada,1565,172,5,Consumer
2022-12-06,P004,Monitor,Technology,USA,2967,772,9,Consumer
2023-01-24,P101,Office Chair,Furniture,India,2402,1320,3,Consumer
2023-07-31,P103,Bookshelf,Furniture,Australia,1217,1422,3,Corporate
2022-01-03,P102,Desk,Furniture,Canada,160,0,7,Corporate
2023-01-11,P103,Bookshelf,Furniture,Australia,4377,648,7,Home Office
2022-11-20,P101,Office Chair,Furniture,India,3705,308,6,Home Office
2022-05-26,P001,Laptop,Technology,India,3843,1145,3,Consumer
2022-10-20,P105,Sofa,Furniture,Canada,1805,74,7,Corporate
2023-03-08,P101,Office Chair,Furniture,Australia,1627,10,5,Corporate
2023-12-06,P003,Mouse,Technology,UK,1346,303,7,Consumer
2024-08-06,P104,Table,Furniture,Australia,3824,941,2,Consumer
2023-08-08,P004,Monitor,Technology,India,2270,502,6,Home Office
2023-02-03,P005,Headphones,Technology,Australia,1022,1377,8,Home Office
2024-03-27,P203,Paper Ream,Office Supplies,USA,1080,-159,1,Home Office
2024-08-21,P203,Paper Ream,Office Supplies,UK,2643,114,4,Consumer
2022-07-06,P201,Pen Pack,Office Supplies,Germany,4042,587,1,Consumer
2022-03-02,P203,Paper Ream,Office Supplies,USA,4663,128,1,Home Office
2024-07-27,P102,Desk,Furniture,Germany,963,840,8,Home Office
2023-12-11,P201,Pen Pack,Office Supplies,Canada,2231,82,7,Corporate
2024-03-17,P002,Keyboard,Technology,Germany,3247,742,1,Corporate
2022-01-11,P105,Sofa,Furniture,Australia,1512,57,2,Home Office
2024-12-21,P204,Stapler,Office Supplies,Germany,2428,374,4,Home Office
2022-08-14,P005,Headphones,Technology,India,3504,373,1,Corporate
2023-07-18,P104,Table,Furniture,USA,3603,411,3,Home Office
2024-02-11,P105,Sofa,Furniture,USA,1357,842,8,Corporate
2024-06-03,P203,Paper Ream,Office Supplies,Germany,1239,1352,8,Corporate
2022-08-14,P102,Desk,Furniture,USA,737,636,8,Corporate
2024-04-04,P004,Monitor,Technology,India,4711,222,6,Consumer
2022-08-06,P101,Office Chair,Furniture,USA,1257,1289,6,Consumer
2024-07-25,P002,Keyboard,Technology,Germany,1944,1196,5,Home Office
2024-01-23,P101,Office Chair,Furniture,UK,4972,557,9,Corporate
2023-05-21,P202,Notebook,Office Supplies,UK,1861,562,4,Consumer
2022-09-16,P002,Keyboard,Technology,Canada,3233,904,7,Home Office
2022-02-23,P105,Sofa,Furniture,USA,3847,1374,1,Home Office
2024-12-06,P104,Table,Furniture,Germany,1694,1371,9,Home Office
2023-12-28,P104,Table,Furniture,USA,4018,223,7,Home Office
2023-11-20,P002,Keyboard,Technology,Australia,2766,228,9,Home Office
2024-11-09,P003,Mouse,Technology,India,240,1211,7,Corporate
2023-02-23,P003,Mouse,Technology,USA,1385,1493,2,Home Office
2023-11-21,P201,Pen Pack,Office Supplies,USA,4853,3,6,Corporate
2024-04-29,P201,Pen Pack,Office Supplies,UK,3156,-5,4,Consumer
2022-03-03,P005,Headphones,Technology,India,428,527,3,Home Office
2022-08-04,P102,Desk,Furniture,Germany,4532,84,2,Consumer
2022-01-03,P201,Pen Pack,Office Supplies,USA,3879,-5,6,Corporate
2022-06-09,P001,Laptop,Technology,UK,665,106,8,Corporate
2024-02-20,P102,Desk,Furniture,Canada,2380,1487,6,Consumer
2024-06-11,P205,Calculator,Office Supplies,India,1804,-187,9,Home Office
2022-11-25,P101,Office Chair,Furniture,UK,513,969,5,Home Office
2023-08-03,P105,Sofa,Furniture,UK,1016,880,2,Consumer
2024-08-09,P104,Table,Furniture,UK,4317,522,8,Consumer
2023-09-27,P105,Sofa,Furniture,USA,3208,579,9,Consumer
2024-09-14,P203,Paper Ream,Office Supplies,USA,3674,1033,4,Home Office
2024-07-09,P203,Paper Ream,Office Supplies,Canada,4988,328,6,Home Office
2024-01-08,P205,Calculator,Office Supplies,Australia,739,597,8,Home Office
2022-06-19,P003,Mouse,Technology,Australia,2672,143,9,Consumer
2023-06-05,P204,Stapler,Office Supplies,Australia,2262,1434,5,Home Office
2022-02-09,P102,Desk,Furniture,India,432,1102,6,Corporate
2024-08-12,P203,Paper Ream,Office Supplies,India,2306,8,4,Consumer
2024-09-10,P103,Bookshelf,Furniture,Canada,3860,440,5,Home Office
2024-09-01,P005,Headphones,Technology,India,3553,1158,7,Consumer
2022-02-07,P104,Table,Furniture,Australia,1462,1111,9,Corporate
2022-11-24,P102,Desk,Furniture,Australia,1633,51,6,Corporate
2024-07-02,P105,Sofa,Furniture,UK,421,1088,6,Consumer
2023-03-30,P005,Headphones,Technology,India,660,70,8,Consumer
2022-02-06,P204,Stapler,Office Supplies,USA,165,719,4,Corporate
2024-08-30,P202,Notebook,Office Supplies,USA,496,218,3,Consumer
